-- phpMyAdmin SQL Dump
-- version 5.2.1
-- https://www.phpmyadmin.net/
--
-- Host: 127.0.0.1
-- Generation Time: Dec 05, 2025 at 03:35 PM
-- Server version: 10.4.32-MariaDB
-- PHP Version: 8.2.12

SET SQL_MODE = "NO_AUTO_VALUE_ON_ZERO";
START TRANSACTION;
SET time_zone = "+00:00";


/*!40101 SET @OLD_CHARACTER_SET_CLIENT=@@CHARACTER_SET_CLIENT */;
/*!40101 SET @OLD_CHARACTER_SET_RESULTS=@@CHARACTER_SET_RESULTS */;
/*!40101 SET @OLD_COLLATION_CONNECTION=@@COLLATION_CONNECTION */;
/*!40101 SET NAMES utf8mb4 */;

--
-- Database: `rcdungeon`
--

-- --------------------------------------------------------

--
-- Table structure for table `attempts`
--

CREATE TABLE `attempts` (
  `id` int(11) NOT NULL,
  `user_id` int(11) NOT NULL,
  `exercise_id` int(11) NOT NULL,
  `question_id` int(11) DEFAULT NULL,
  `choice_id` int(11) DEFAULT NULL,
  `correct` tinyint(1) DEFAULT 0,
  `points_awarded` int(11) DEFAULT 0,
  `created_at` timestamp NOT NULL DEFAULT current_timestamp()
) ENGINE=InnoDB DEFAULT CHARSET=utf8mb4 COLLATE=utf8mb4_general_ci;

-- --------------------------------------------------------

--
-- Table structure for table `attempt_answers`
--

CREATE TABLE `attempt_answers` (
  `id` int(11) NOT NULL,
  `attempt_id` int(11) NOT NULL,
  `question_id` int(11) NOT NULL,
  `user_answer` longtext CHARACTER SET utf8mb4 COLLATE utf8mb4_bin NOT NULL CHECK (json_valid(`user_answer`)),
  `correct` tinyint(1) NOT NULL DEFAULT 0,
  `points_awarded` int(11) NOT NULL DEFAULT 0,
  `created_at` timestamp NOT NULL DEFAULT current_timestamp()
) ENGINE=InnoDB DEFAULT CHARSET=utf8mb4 COLLATE=utf8mb4_unicode_ci;

--
-- Dumping data for table `attempt_answers`
--

INSERT INTO `attempt_answers` (`id`, `attempt_id`, `question_id`, `user_answer`, `correct`, `points_awarded`, `created_at`) VALUES
(1, 2, 1, '{\"choice_id\":1}', 0, 0, '2025-11-28 13:20:46'),
(2, 4, 1, '{\"choice_id\":2}', 1, 10, '2025-11-28 13:21:16'),
(3, 5, 1, '{\"choice_id\":2}', 1, 10, '2025-11-28 13:22:40'),
(4, 6, 1, '{\"choice_id\":3}', 0, 0, '2025-11-28 13:22:53'),
(5, 11, 1, '{\"choice_id\":2}', 1, 10, '2025-11-28 13:28:29'),
(6, 11, 2, '{\"choice_id\":6}', 1, 10, '2025-11-28 13:28:32'),
(7, 11, 3, '{\"choice_id\":8}', 1, 10, '2025-11-28 13:28:42'),
(8, 12, 1, '{\"choice_id\":2}', 1, 10, '2025-11-28 13:28:50'),
(9, 12, 2, '{\"choice_id\":6}', 1, 10, '2025-11-28 13:28:51'),
(10, 12, 3, '{\"choice_id\":8}', 1, 10, '2025-11-28 13:28:56'),
(11, 13, 1, '{\"choice_id\":1}', 0, 0, '2025-11-28 13:29:27'),
(12, 15, 1, '{\"choice_id\":2}', 1, 10, '2025-11-28 13:39:28'),
(13, 15, 2, '{\"choice_id\":6}', 1, 10, '2025-11-28 13:39:31'),
(14, 15, 3, '{\"choice_id\":8}', 1, 10, '2025-11-28 13:39:39'),
(15, 18, 1, '{\"choice_id\":2}', 1, 10, '2025-11-28 13:41:13'),
(16, 18, 2, '{\"choice_id\":6}', 1, 10, '2025-11-28 13:41:15'),
(17, 18, 3, '{\"choice_id\":8}', 1, 10, '2025-11-28 13:41:27'),
(18, 19, 1, '{\"choice_id\":2}', 1, 10, '2025-11-28 13:44:01'),
(19, 19, 2, '{\"choice_id\":6}', 1, 10, '2025-11-28 13:44:06'),
(20, 19, 3, '{\"choice_id\":8}', 1, 10, '2025-11-28 13:44:08'),
(21, 20, 1, '{\"choice_id\":2}', 1, 10, '2025-11-28 13:44:30'),
(22, 20, 2, '{\"choice_id\":6}', 1, 10, '2025-11-28 13:44:33'),
(23, 21, 1, '{\"choice_id\":2}', 1, 10, '2025-11-28 13:48:51'),
(24, 21, 2, '{\"choice_id\":6}', 1, 10, '2025-11-28 13:48:55'),
(25, 21, 3, '{\"choice_id\":8}', 1, 10, '2025-11-28 13:48:58'),
(26, 22, 1, '{\"choice_id\":1}', 0, 0, '2025-11-28 13:49:07'),
(27, 22, 2, '{\"choice_id\":5}', 0, 0, '2025-11-28 13:49:08'),
(28, 22, 3, '{\"choice_id\":8}', 1, 10, '2025-11-28 13:49:11'),
(29, 23, 1, '{\"choice_id\":2}', 1, 10, '2025-11-28 13:52:21'),
(30, 23, 2, '{\"choice_id\":5}', 0, 0, '2025-11-28 13:52:24'),
(31, 23, 3, '{\"choice_id\":9}', 0, 0, '2025-11-28 13:52:25'),
(32, 26, 1, '{\"choice_id\":2}', 1, 10, '2025-11-28 13:53:38'),
(33, 26, 2, '{\"choice_id\":6}', 1, 10, '2025-11-28 13:53:41'),
(34, 26, 3, '{\"choice_id\":9}', 0, 0, '2025-11-28 13:53:47'),
(35, 27, 1, '{\"choice_id\":2}', 1, 10, '2025-11-28 13:54:09'),
(36, 27, 2, '{\"choice_id\":6}', 1, 10, '2025-11-28 13:54:12'),
(37, 27, 3, '{\"choice_id\":8}', 1, 10, '2025-11-28 13:54:14'),
(38, 29, 1, '{\"choice_id\":2}', 1, 10, '2025-11-28 13:55:23'),
(39, 29, 2, '{\"choice_id\":5}', 0, 0, '2025-11-28 13:58:46'),
(40, 29, 3, '{\"choice_id\":8}', 1, 10, '2025-11-28 13:58:48'),
(41, 30, 1, '{\"choice_id\":2}', 1, 10, '2025-11-28 14:00:55'),
(42, 30, 2, '{\"choice_id\":6}', 1, 10, '2025-11-28 14:00:58'),
(43, 30, 3, '{\"choice_id\":8}', 1, 10, '2025-11-28 14:01:03'),
(44, 31, 1, '{\"choice_id\":2}', 1, 10, '2025-11-28 14:02:00'),
(45, 31, 2, '{\"choice_id\":6}', 1, 10, '2025-11-28 14:02:01'),
(46, 31, 3, '{\"choice_id\":7}', 0, 0, '2025-11-28 14:02:02'),
(47, 32, 1, '{\"choice_id\":2}', 1, 10, '2025-11-28 14:04:18'),
(48, 32, 2, '{\"choice_id\":5}', 0, 0, '2025-11-28 14:04:20'),
(49, 32, 3, '{\"choice_id\":8}', 1, 10, '2025-11-28 14:04:24'),
(50, 33, 1, '{\"choice_id\":2}', 1, 10, '2025-11-28 14:04:59'),
(51, 33, 2, '{\"choice_id\":6}', 1, 10, '2025-11-28 14:05:00'),
(52, 33, 3, '{\"choice_id\":7}', 0, 0, '2025-11-28 14:05:01'),
(53, 34, 1, '{\"choice_id\":2}', 1, 10, '2025-11-28 14:05:34'),
(54, 34, 2, '{\"choice_id\":5}', 0, 0, '2025-11-28 14:05:36'),
(55, 34, 3, '{\"choice_id\":8}', 1, 10, '2025-11-28 14:05:37'),
(56, 38, 1, '{\"choice_id\":2}', 1, 10, '2025-11-28 14:08:36'),
(57, 38, 2, '{\"choice_id\":6}', 1, 10, '2025-11-28 14:08:37'),
(58, 38, 3, '{\"choice_id\":8}', 1, 10, '2025-11-28 14:08:38'),
(59, 39, 1, '{\"choice_id\":2}', 1, 10, '2025-11-28 14:15:14'),
(60, 39, 2, '{\"choice_id\":6}', 1, 10, '2025-11-28 14:15:16'),
(61, 39, 3, '{\"choice_id\":8}', 1, 10, '2025-11-28 14:15:17'),
(62, 40, 1, '{\"choice_id\":1}', 0, 0, '2025-11-28 14:15:25'),
(63, 40, 2, '{\"choice_id\":5}', 0, 0, '2025-11-28 14:15:26'),
(64, 41, 1, '{\"choice_id\":1}', 0, 0, '2025-11-28 14:15:47'),
(65, 41, 2, '{\"choice_id\":6}', 1, 10, '2025-11-28 14:15:49'),
(66, 41, 3, '{\"choice_id\":8}', 1, 10, '2025-11-28 14:15:50'),
(67, 42, 1, '{\"choice_id\":2}', 1, 10, '2025-11-28 14:19:26'),
(68, 42, 2, '{\"choice_id\":6}', 1, 10, '2025-11-28 14:19:28'),
(69, 42, 3, '{\"choice_id\":7}', 0, 0, '2025-11-28 14:19:30'),
(70, 43, 1, '{\"choice_id\":2}', 1, 10, '2025-11-28 14:19:56'),
(71, 43, 2, '{\"choice_id\":6}', 1, 10, '2025-11-28 14:20:34'),
(72, 43, 3, '{\"choice_id\":9}', 0, 0, '2025-11-28 14:20:51'),
(73, 44, 1, '{\"choice_id\":2}', 1, 10, '2025-11-28 14:23:49'),
(74, 44, 2, '{\"choice_id\":6}', 1, 10, '2025-11-28 14:23:50'),
(75, 44, 3, '{\"choice_id\":8}', 1, 10, '2025-11-28 14:23:51'),
(76, 45, 1, '{\"choice_id\":2}', 1, 10, '2025-11-28 14:25:27'),
(77, 45, 2, '{\"choice_id\":6}', 1, 10, '2025-11-28 14:25:28'),
(78, 45, 3, '{\"choice_id\":8}', 1, 10, '2025-11-28 14:25:29'),
(79, 46, 14, '{\"text\":\"sfsdf\"}', 1, 10, '2025-11-28 14:25:54'),
(80, 47, 34, '{\"choice_id\":82}', 0, 0, '2025-11-28 14:26:04'),
(81, 47, 35, '{\"choice_id\":85}', 0, 0, '2025-11-28 14:26:06'),
(82, 47, 36, '{\"choice_id\":89}', 0, 0, '2025-11-28 14:26:08'),
(83, 47, 37, '{\"choice_id\":95}', 0, 0, '2025-11-28 14:26:09'),
(84, 47, 38, '{\"choice_id\":99}', 0, 0, '2025-11-28 14:26:10'),
(85, 48, 34, '{\"choice_id\":80}', 1, 10, '2025-11-28 14:26:22'),
(86, 48, 35, '{\"choice_id\":84}', 1, 10, '2025-11-28 14:26:23'),
(87, 48, 36, '{\"choice_id\":88}', 1, 10, '2025-11-28 14:26:25'),
(88, 48, 37, '{\"choice_id\":92}', 1, 10, '2025-11-28 14:26:26'),
(89, 48, 38, '{\"choice_id\":96}', 1, 10, '2025-11-28 14:26:28'),
(90, 49, 1, '{\"choice_id\":1}', 0, 0, '2025-11-28 14:26:41'),
(91, 49, 2, '{\"choice_id\":5}', 0, 0, '2025-11-28 14:26:43'),
(92, 49, 3, '{\"choice_id\":8}', 1, 10, '2025-11-28 14:26:45'),
(93, 50, 1, '{\"choice_id\":2}', 1, 10, '2025-11-28 14:27:44'),
(94, 50, 2, '{\"choice_id\":6}', 1, 10, '2025-11-28 14:27:45'),
(95, 50, 3, '{\"choice_id\":8}', 1, 10, '2025-11-28 14:27:46'),
(96, 51, 1, '{\"choice_id\":2}', 1, 10, '2025-11-28 14:27:54'),
(97, 51, 2, '{\"choice_id\":6}', 1, 10, '2025-11-28 14:27:58'),
(98, 51, 3, '{\"choice_id\":8}', 1, 10, '2025-11-28 14:28:02'),
(99, 52, 1, '{\"choice_id\":2}', 1, 10, '2025-11-28 14:30:31'),
(100, 52, 2, '{\"choice_id\":6}', 1, 10, '2025-11-28 14:30:32'),
(101, 52, 3, '{\"choice_id\":8}', 1, 10, '2025-11-28 14:30:33'),
(102, 53, 1, '{\"choice_id\":2}', 1, 10, '2025-11-28 14:31:59'),
(103, 53, 2, '{\"choice_id\":6}', 1, 10, '2025-11-28 14:32:01'),
(104, 53, 3, '{\"choice_id\":8}', 1, 10, '2025-11-28 14:32:02'),
(105, 54, 1, '{\"choice_id\":2}', 1, 10, '2025-11-28 14:34:29'),
(106, 54, 2, '{\"choice_id\":5}', 0, 0, '2025-11-28 14:34:31'),
(107, 54, 3, '{\"choice_id\":8}', 1, 10, '2025-11-28 14:34:32'),
(108, 55, 1, '{\"choice_id\":2}', 1, 10, '2025-11-28 14:34:44'),
(109, 58, 1, '{\"choice_id\":2}', 1, 10, '2025-11-28 14:38:43'),
(110, 58, 2, '{\"choice_id\":5}', 0, 0, '2025-11-28 14:38:44'),
(111, 58, 3, '{\"choice_id\":9}', 0, 0, '2025-11-28 14:38:44'),
(112, 59, 1, '{\"choice_id\":2}', 1, 10, '2025-11-28 14:38:51'),
(113, 59, 2, '{\"choice_id\":6}', 1, 10, '2025-11-28 14:38:52'),
(114, 59, 3, '{\"choice_id\":8}', 1, 10, '2025-11-28 14:38:53'),
(115, 60, 1, '{\"choice_id\":2}', 1, 10, '2025-11-28 14:39:32'),
(116, 61, 1, '{\"choice_id\":2}', 1, 10, '2025-11-28 14:39:39'),
(117, 62, 1, '{\"choice_id\":2}', 1, 10, '2025-11-28 14:39:52'),
(118, 63, 1, '{\"choice_id\":2}', 1, 10, '2025-11-28 14:44:49'),
(119, 66, 1, '{\"choice_id\":2}', 1, 10, '2025-11-28 14:48:39'),
(120, 66, 2, '{\"choice_id\":6}', 1, 10, '2025-11-28 14:48:45'),
(121, 66, 3, '{\"choice_id\":8}', 1, 10, '2025-11-28 14:48:46'),
(122, 67, 1, '{\"choice_id\":1}', 0, 0, '2025-11-28 14:48:54'),
(123, 67, 2, '{\"choice_id\":6}', 1, 10, '2025-11-28 14:48:55'),
(124, 67, 3, '{\"choice_id\":8}', 1, 10, '2025-11-28 14:48:56'),
(125, 68, 1, '{\"choice_id\":2}', 1, 10, '2025-11-28 14:49:00'),
(126, 68, 2, '{\"choice_id\":5}', 0, 0, '2025-11-28 14:49:01'),
(127, 68, 3, '{\"choice_id\":9}', 0, 0, '2025-11-28 14:49:02'),
(128, 70, 1, '{\"choice_id\":2}', 1, 10, '2025-11-28 14:50:48'),
(129, 70, 2, '{\"choice_id\":6}', 1, 10, '2025-11-28 14:50:50'),
(130, 70, 3, '{\"choice_id\":8}', 1, 10, '2025-11-28 14:50:51'),
(131, 74, 1, '{\"choice_id\":2}', 1, 10, '2025-11-28 14:53:53'),
(132, 74, 2, '{\"choice_id\":5}', 0, 0, '2025-11-28 14:54:01'),
(133, 75, 1, '{\"choice_id\":3}', 0, 0, '2025-11-28 14:54:51'),
(134, 75, 2, '{\"choice_id\":5}', 0, 0, '2025-11-28 14:54:53'),
(135, 75, 3, '{\"choice_id\":8}', 1, 10, '2025-11-28 14:54:55'),
(136, 77, 1, '{\"choice_id\":2}', 1, 10, '2025-11-28 14:57:13'),
(137, 78, 1, '{\"choice_id\":2}', 1, 10, '2025-11-28 15:04:24'),
(138, 82, 1, '{\"choice_id\":1}', 0, 0, '2025-11-28 15:13:03'),
(139, 86, 1, '{\"choice_id\":2}', 1, 10, '2025-11-28 15:19:46'),
(140, 86, 2, '{\"choice_id\":5}', 0, 0, '2025-11-28 15:19:47'),
(141, 86, 3, '{\"choice_id\":8}', 1, 10, '2025-11-28 15:19:49'),
(142, 87, 1, '{\"choice_id\":2}', 1, 10, '2025-11-28 15:19:56'),
(143, 87, 2, '{\"choice_id\":6}', 1, 10, '2025-11-28 15:19:58'),
(144, 87, 3, '{\"choice_id\":8}', 1, 10, '2025-11-28 15:19:59'),
(145, 89, 1, '{\"choice_id\":1}', 0, 0, '2025-11-28 15:22:47'),
(146, 91, 1, '{\"choice_id\":2}', 1, 10, '2025-11-28 15:31:18'),
(147, 91, 2, '{\"choice_id\":6}', 1, 10, '2025-11-28 15:31:19'),
(148, 91, 3, '{\"choice_id\":8}', 1, 10, '2025-11-28 15:31:22'),
(149, 93, 1, '{\"choice_id\":2}', 1, 10, '2025-11-28 15:32:48'),
(150, 94, 1, '{\"choice_id\":2}', 1, 10, '2025-11-28 15:33:07'),
(151, 95, 1, '{\"choice_id\":2}', 1, 10, '2025-11-28 15:33:20'),
(152, 95, 2, '{\"choice_id\":5}', 0, 0, '2025-11-28 15:33:53'),
(153, 95, 3, '{\"choice_id\":8}', 1, 10, '2025-11-28 15:33:54'),
(154, 96, 1, '{\"choice_id\":2}', 1, 10, '2025-11-28 15:34:58'),
(155, 96, 2, '{\"choice_id\":6}', 1, 10, '2025-11-28 15:35:02'),
(156, 96, 3, '{\"choice_id\":8}', 1, 10, '2025-11-28 15:35:05'),
(157, 97, 1, '{\"choice_id\":2}', 1, 10, '2025-11-28 15:37:23'),
(158, 97, 2, '{\"choice_id\":6}', 1, 10, '2025-11-28 15:37:40'),
(159, 97, 3, '{\"choice_id\":8}', 1, 10, '2025-11-28 15:37:41'),
(160, 98, 1, '{\"choice_id\":2}', 1, 10, '2025-11-28 15:39:36'),
(161, 98, 2, '{\"choice_id\":6}', 1, 10, '2025-11-28 15:39:54'),
(162, 99, 1, '{\"choice_id\":2}', 1, 10, '2025-11-28 15:40:36'),
(163, 99, 2, '{\"choice_id\":5}', 0, 0, '2025-11-28 15:40:40'),
(164, 99, 3, '{\"choice_id\":9}', 0, 0, '2025-11-28 15:40:49'),
(165, 100, 1, '{\"choice_id\":2}', 1, 10, '2025-11-28 15:40:53'),
(166, 101, 1, '{\"choice_id\":2}', 1, 10, '2025-11-28 15:43:28'),
(167, 102, 1, '{\"choice_id\":2}', 1, 10, '2025-11-28 15:44:48'),
(168, 103, 1, '{\"choice_id\":2}', 1, 10, '2025-11-28 15:50:51'),
(169, 103, 2, '{\"choice_id\":6}', 1, 10, '2025-11-28 15:51:03'),
(170, 104, 1, '{\"choice_id\":2}', 1, 10, '2025-11-28 15:51:14'),
(171, 105, 1, '{\"choice_id\":2}', 1, 10, '2025-11-28 15:51:53'),
(172, 105, 2, '{\"choice_id\":6}', 1, 10, '2025-11-28 15:51:56'),
(173, 105, 3, '{\"choice_id\":8}', 1, 10, '2025-11-28 15:51:59'),
(174, 106, 1, '{\"choice_id\":2}', 1, 10, '2025-11-28 15:52:34'),
(175, 108, 1, '{\"choice_id\":2}', 1, 10, '2025-11-28 15:53:40'),
(176, 110, 1, '{\"choice_id\":2}', 1, 10, '2025-11-28 15:54:02'),
(177, 111, 1, '{\"choice_id\":2}', 1, 10, '2025-11-28 15:54:07'),
(178, 112, 1, '{\"choice_id\":2}', 1, 10, '2025-11-28 15:54:18'),
(179, 113, 1, '{\"choice_id\":2}', 1, 10, '2025-11-28 15:54:57'),
(180, 114, 1, '{\"choice_id\":2}', 1, 10, '2025-11-28 15:55:10'),
(181, 114, 2, '{\"choice_id\":5}', 0, 0, '2025-11-28 15:55:19'),
(182, 115, 1, '{\"choice_id\":2}', 1, 10, '2025-11-28 15:55:22'),
(183, 115, 2, '{\"choice_id\":4}', 0, 0, '2025-11-28 15:55:24'),
(184, 116, 1, '{\"choice_id\":2}', 1, 10, '2025-11-28 15:55:34'),
(185, 117, 1, '{\"choice_id\":2}', 1, 10, '2025-11-28 15:55:41'),
(186, 120, 1, '{\"choice_id\":2}', 1, 10, '2025-11-28 15:56:06'),
(187, 122, 1, '{\"choice_id\":2}', 1, 10, '2025-11-28 15:56:20'),
(188, 123, 1, '{\"choice_id\":2}', 1, 10, '2025-11-28 15:56:28'),
(189, 124, 1, '{\"choice_id\":2}', 1, 10, '2025-11-28 15:57:18'),
(190, 128, 1, '{\"choice_id\":2}', 1, 10, '2025-11-28 15:58:21'),
(191, 132, 1, '{\"choice_id\":2}', 1, 10, '2025-11-28 15:59:13'),
(192, 132, 2, '{\"choice_id\":6}', 1, 10, '2025-11-28 15:59:16'),
(193, 132, 3, '{\"choice_id\":9}', 0, 0, '2025-11-28 15:59:19'),
(194, 133, 1, '{\"choice_id\":2}', 1, 10, '2025-11-28 15:59:23'),
(195, 133, 2, '{\"choice_id\":5}', 0, 0, '2025-11-28 15:59:25'),
(196, 134, 1, '{\"choice_id\":2}', 1, 10, '2025-11-28 15:59:38'),
(197, 135, 1, '{\"choice_id\":2}', 1, 10, '2025-11-28 15:59:50'),
(198, 136, 1, '{\"choice_id\":2}', 1, 10, '2025-11-28 16:00:03'),
(199, 137, 1, '{\"choice_id\":2}', 1, 10, '2025-11-28 16:00:10'),
(200, 139, 1, '{\"choice_id\":2}', 1, 10, '2025-11-28 16:00:33'),
(201, 139, 2, '{\"choice_id\":6}', 1, 10, '2025-11-28 16:00:35'),
(202, 140, 1, '{\"choice_id\":2}', 1, 10, '2025-11-28 16:00:59'),
(203, 142, 1, '{\"choice_id\":2}', 1, 10, '2025-11-28 16:01:21'),
(204, 142, 2, '{\"choice_id\":6}', 1, 10, '2025-11-28 16:01:23'),
(205, 143, 1, '{\"choice_id\":2}', 1, 10, '2025-11-28 16:01:30'),
(206, 143, 2, '{\"choice_id\":6}', 1, 10, '2025-11-28 16:01:33'),
(207, 144, 1, '{\"choice_id\":2}', 1, 10, '2025-11-28 16:06:15'),
(208, 144, 2, '{\"choice_id\":6}', 1, 10, '2025-11-28 16:06:20'),
(209, 144, 3, '{\"choice_id\":8}', 1, 10, '2025-11-28 16:06:23'),
(210, 145, 1, '{\"choice_id\":1}', 0, 0, '2025-11-28 16:06:52'),
(211, 145, 2, '{\"choice_id\":6}', 1, 10, '2025-11-28 16:06:55'),
(212, 145, 3, '{\"choice_id\":9}', 0, 0, '2025-11-28 16:06:56'),
(213, 146, 1, '{\"choice_id\":1}', 0, 0, '2025-11-28 16:07:03'),
(214, 146, 2, '{\"choice_id\":5}', 0, 0, '2025-11-28 16:07:04'),
(215, 146, 3, '{\"choice_id\":9}', 0, 0, '2025-11-28 16:07:06'),
(216, 147, 1, '{\"choice_id\":2}', 1, 10, '2025-11-28 16:07:25'),
(217, 147, 2, '{\"choice_id\":6}', 1, 10, '2025-11-28 16:07:26'),
(218, 147, 3, '{\"choice_id\":8}', 1, 10, '2025-11-28 16:07:29'),
(219, 148, 1, '{\"choice_id\":2}', 1, 10, '2025-11-28 16:07:43'),
(220, 149, 14, '{\"text\":\"o\"}', 1, 10, '2025-11-28 16:08:01'),
(221, 150, 34, '{\"choice_id\":80}', 1, 10, '2025-11-28 16:08:08'),
(222, 150, 35, '{\"choice_id\":84}', 1, 10, '2025-11-28 16:08:14'),
(223, 150, 36, '{\"choice_id\":91}', 0, 0, '2025-11-28 16:08:16'),
(224, 150, 37, '{\"choice_id\":94}', 0, 0, '2025-11-28 16:08:17'),
(225, 150, 38, '{\"choice_id\":96}', 1, 10, '2025-11-28 16:08:19'),
(226, 152, 1, '{\"choice_id\":2}', 1, 10, '2025-11-28 16:13:39'),
(227, 152, 2, '{\"choice_id\":5}', 0, 0, '2025-11-28 16:13:41'),
(228, 153, 1, '{\"choice_id\":2}', 1, 10, '2025-11-28 16:13:50'),
(229, 153, 2, '{\"choice_id\":6}', 1, 10, '2025-11-28 16:13:52'),
(230, 153, 3, '{\"choice_id\":8}', 1, 10, '2025-11-28 16:13:54'),
(231, 154, 1, '{\"choice_id\":2}', 1, 10, '2025-11-28 16:14:03'),
(232, 154, 2, '{\"choice_id\":6}', 1, 10, '2025-11-28 16:14:04'),
(233, 154, 3, '{\"choice_id\":8}', 1, 10, '2025-11-28 16:14:05'),
(234, 155, 1, '{\"choice_id\":2}', 1, 10, '2025-12-05 12:31:08'),
(235, 155, 2, '{\"choice_id\":6}', 1, 10, '2025-12-05 12:31:11'),
(236, 155, 3, '{\"choice_id\":8}', 1, 10, '2025-12-05 12:31:14'),
(237, 162, 1, '{\"choice_id\":2}', 1, 10, '2025-12-05 12:35:19'),
(238, 162, 2, '{\"choice_id\":6}', 1, 10, '2025-12-05 12:35:30'),
(239, 162, 3, '{\"choice_id\":8}', 1, 10, '2025-12-05 12:35:31'),
(240, 163, 1, '{\"choice_id\":2}', 1, 10, '2025-12-05 12:35:59'),
(241, 163, 2, '{\"choice_id\":6}', 1, 10, '2025-12-05 12:36:01'),
(242, 163, 3, '{\"choice_id\":8}', 1, 10, '2025-12-05 12:36:02'),
(243, 164, 1, '{\"choice_id\":2}', 1, 10, '2025-12-05 12:36:14'),
(244, 167, 1, '{\"choice_id\":2}', 1, 10, '2025-12-05 12:42:50'),
(245, 167, 2, '{\"choice_id\":6}', 1, 10, '2025-12-05 12:42:52'),
(246, 167, 3, '{\"choice_id\":8}', 1, 10, '2025-12-05 12:42:53'),
(249, 169, 17, '{\"choice_id\":null}', 0, 0, '2025-12-05 12:43:17'),
(250, 169, 18, '{\"choice_id\":null}', 0, 0, '2025-12-05 12:43:21'),
(251, 169, 19, '{\"choice_id\":null}', 0, 0, '2025-12-05 12:43:22'),
(252, 169, 20, '{\"choice_id\":null}', 0, 0, '2025-12-05 12:43:23'),
(253, 169, 21, '{\"choice_id\":null}', 0, 0, '2025-12-05 12:43:25'),
(255, 170, 17, '{\"choice_id\":null}', 0, 0, '2025-12-05 12:43:32'),
(256, 170, 18, '{\"choice_id\":null}', 0, 0, '2025-12-05 12:43:33'),
(257, 170, 19, '{\"choice_id\":null}', 0, 0, '2025-12-05 12:43:33'),
(258, 170, 20, '{\"choice_id\":null}', 0, 0, '2025-12-05 12:43:34'),
(259, 170, 21, '{\"choice_id\":null}', 0, 0, '2025-12-05 12:43:36'),
(261, 171, 17, '{\"choice_id\":null}', 0, 0, '2025-12-05 12:44:00'),
(262, 171, 18, '{\"choice_id\":null}', 0, 0, '2025-12-05 12:44:03'),
(263, 171, 19, '{\"choice_id\":null}', 0, 0, '2025-12-05 12:44:06'),
(264, 171, 20, '{\"choice_id\":null}', 0, 0, '2025-12-05 12:44:09'),
(265, 171, 21, '{\"choice_id\":null}', 0, 0, '2025-12-05 12:44:10'),
(267, 173, 17, '{\"choice_id\":null}', 0, 0, '2025-12-05 12:45:52'),
(268, 173, 18, '{\"choice_id\":null}', 0, 0, '2025-12-05 12:45:54'),
(270, 175, 17, '{\"choice_id\":null}', 0, 0, '2025-12-05 12:52:21'),
(271, 175, 18, '{\"choice_id\":null}', 0, 0, '2025-12-05 12:52:24'),
(273, 176, 17, '{\"choice_id\":null}', 0, 0, '2025-12-05 12:57:26'),
(274, 176, 18, '{\"choice_id\":null}', 0, 0, '2025-12-05 12:57:28'),
(275, 176, 19, '{\"choice_id\":null}', 0, 0, '2025-12-05 12:57:30'),
(276, 176, 20, '{\"choice_id\":null}', 0, 0, '2025-12-05 12:57:31'),
(278, 177, 17, '{\"choice_id\":null}', 0, 0, '2025-12-05 12:57:39'),
(280, 178, 17, '{\"choice_id\":null}', 0, 0, '2025-12-05 12:58:15'),
(281, 179, 1, '{\"choice_id\":2}', 0, 0, '2025-12-05 13:00:45'),
(282, 179, 2, '{\"choice_id\":6}', 0, 0, '2025-12-05 13:00:47'),
(283, 179, 3, '{\"choice_id\":8}', 0, 0, '2025-12-05 13:00:50'),
(284, 180, 1, '{\"choice_id\":2}', 0, 0, '2025-12-05 13:00:55'),
(285, 181, 1, '{\"choice_id\":2}', 1, 10, '2025-12-05 13:02:34'),
(286, 181, 2, '{\"choice_id\":6}', 1, 10, '2025-12-05 13:02:36'),
(287, 182, 1, '{\"choice_id\":2}', 1, 10, '2025-12-05 13:05:21'),
(288, 182, 2, '{\"choice_id\":6}', 1, 10, '2025-12-05 13:05:22'),
(289, 182, 3, '{\"choice_id\":7}', 0, 0, '2025-12-05 13:05:24'),
(291, 183, 17, '{\"choice_id\":\"false\"}', 1, 10, '2025-12-05 13:05:35'),
(292, 183, 18, '{\"choice_id\":\"true\"}', 1, 10, '2025-12-05 13:05:38'),
(293, 183, 19, '{\"choice_id\":\"true\"}', 0, 0, '2025-12-05 13:05:41'),
(294, 183, 20, '{\"choice_id\":\"false\"}', 0, 0, '2025-12-05 13:05:44'),
(295, 183, 21, '{\"choice_id\":\"false\"}', 1, 10, '2025-12-05 13:05:46'),
(297, 184, 17, '{\"choice_id\":\"false\"}', 1, 10, '2025-12-05 13:12:07'),
(298, 184, 18, '{\"choice_id\":\"true\"}', 1, 10, '2025-12-05 13:12:09'),
(299, 184, 19, '{\"choice_id\":\"false\"}', 1, 10, '2025-12-05 13:12:11'),
(300, 184, 20, '{\"choice_id\":\"true\"}', 1, 10, '2025-12-05 13:12:12'),
(301, 184, 21, '{\"choice_id\":\"false\"}', 1, 10, '2025-12-05 13:12:14'),
(303, 185, 17, '{\"choice_id\":\"true\"}', 0, 0, '2025-12-05 13:12:53'),
(304, 185, 18, '{\"choice_id\":\"false\"}', 0, 0, '2025-12-05 13:12:53'),
(305, 185, 19, '{\"choice_id\":\"false\"}', 1, 10, '2025-12-05 13:12:56'),
(306, 185, 20, '{\"choice_id\":\"true\"}', 1, 10, '2025-12-05 13:12:58'),
(307, 185, 21, '{\"choice_id\":\"false\"}', 1, 10, '2025-12-05 13:12:59'),
(309, 186, 17, '{\"choice_id\":\"false\"}', 1, 10, '2025-12-05 13:13:08'),
(310, 186, 18, '{\"choice_id\":\"true\"}', 1, 10, '2025-12-05 13:13:10'),
(311, 186, 19, '{\"choice_id\":\"false\"}', 1, 10, '2025-12-05 13:13:12'),
(312, 186, 20, '{\"choice_id\":\"true\"}', 1, 10, '2025-12-05 13:13:16'),
(313, 186, 21, '{\"choice_id\":\"true\"}', 0, 0, '2025-12-05 13:13:18'),
(315, 187, 17, '{\"choice_id\":\"false\"}', 1, 10, '2025-12-05 13:15:53'),
(317, 189, 1, '{\"choice_id\":2}', 1, 10, '2025-12-05 13:23:06'),
(318, 189, 2, '{\"choice_id\":6}', 1, 10, '2025-12-05 13:23:07'),
(319, 189, 3, '{\"choice_id\":8}', 1, 10, '2025-12-05 13:23:08'),
(320, 190, 1, '{\"choice_id\":2}', 1, 90, '2025-12-05 13:23:39'),
(321, 190, 2, '{\"choice_id\":6}', 1, 10, '2025-12-05 13:23:40'),
(322, 190, 3, '{\"choice_id\":8}', 1, 10, '2025-12-05 13:23:41'),
(323, 191, 1, '{\"choice_id\":2}', 1, 90, '2025-12-05 13:24:13'),
(324, 191, 2, '{\"choice_id\":6}', 1, 10, '2025-12-05 13:24:14'),
(325, 191, 3, '{\"choice_id\":8}', 1, 10, '2025-12-05 13:24:17'),
(326, 192, 1, '{\"choice_id\":2}', 1, 90, '2025-12-05 13:27:38'),
(327, 192, 2, '{\"choice_id\":6}', 1, 10, '2025-12-05 13:27:39'),
(328, 192, 3, '{\"choice_id\":8}', 1, 10, '2025-12-05 13:27:40'),
(329, 193, 1, '{\"choice_id\":2}', 1, 90, '2025-12-05 13:28:18'),
(330, 193, 2, '{\"choice_id\":6}', 1, 10, '2025-12-05 13:28:19'),
(331, 193, 3, '{\"choice_id\":8}', 1, 10, '2025-12-05 13:28:20'),
(332, 194, 1, '{\"choice_id\":2}', 1, 90, '2025-12-05 13:29:54'),
(333, 194, 2, '{\"choice_id\":6}', 1, 10, '2025-12-05 13:29:55'),
(334, 194, 3, '{\"choice_id\":8}', 1, 10, '2025-12-05 13:29:56'),
(335, 195, 1, '{\"choice_id\":2}', 1, 90, '2025-12-05 13:31:56'),
(336, 195, 2, '{\"choice_id\":6}', 1, 10, '2025-12-05 13:31:57'),
(337, 195, 3, '{\"choice_id\":8}', 1, 10, '2025-12-05 13:31:58'),
(338, 196, 1, '{\"choice_id\":2}', 1, 90, '2025-12-05 13:32:49'),
(339, 196, 2, '{\"choice_id\":6}', 1, 10, '2025-12-05 13:32:50'),
(340, 196, 3, '{\"choice_id\":8}', 1, 10, '2025-12-05 13:32:51'),
(341, 197, 1, '{\"choice_id\":2}', 1, 90, '2025-12-05 13:33:24'),
(342, 197, 2, '{\"choice_id\":6}', 1, 10, '2025-12-05 13:33:25'),
(343, 197, 3, '{\"choice_id\":8}', 1, 10, '2025-12-05 13:33:25'),
(344, 199, 22, '{\"choice_id\":\"true\"}', 1, 10, '2025-12-05 13:33:53'),
(345, 199, 23, '{\"choice_id\":\"false\"}', 1, 10, '2025-12-05 13:33:54'),
(346, 199, 24, '{\"choice_id\":\"false\"}', 1, 10, '2025-12-05 13:33:55'),
(347, 199, 25, '{\"choice_id\":\"false\"}', 1, 10, '2025-12-05 13:33:56'),
(348, 199, 26, '{\"choice_id\":\"false\"}', 1, 10, '2025-12-05 13:33:56'),
(349, 199, 27, '{\"choice_id\":\"false\"}', 1, 10, '2025-12-05 13:33:57'),
(350, 199, 28, '{\"choice_id\":\"false\"}', 1, 10, '2025-12-05 13:33:57'),
(351, 199, 29, '{\"choice_id\":\"false\"}', 1, 10, '2025-12-05 13:33:58'),
(352, 199, 30, '{\"choice_id\":\"false\"}', 1, 10, '2025-12-05 13:33:58'),
(353, 199, 31, '{\"choice_id\":\"true\"}', 0, 0, '2025-12-05 13:34:01'),
(354, 200, 22, '{\"choice_id\":\"true\"}', 1, 10, '2025-12-05 13:34:07'),
(355, 200, 23, '{\"choice_id\":\"true\"}', 0, 0, '2025-12-05 13:34:08'),
(356, 200, 24, '{\"choice_id\":\"true\"}', 0, 0, '2025-12-05 13:34:08'),
(357, 200, 25, '{\"choice_id\":\"true\"}', 0, 0, '2025-12-05 13:34:09'),
(358, 200, 26, '{\"choice_id\":\"false\"}', 1, 10, '2025-12-05 13:34:10'),
(359, 200, 27, '{\"choice_id\":\"true\"}', 0, 0, '2025-12-05 13:34:11'),
(360, 200, 28, '{\"choice_id\":\"false\"}', 1, 10, '2025-12-05 13:34:11'),
(361, 200, 29, '{\"choice_id\":\"true\"}', 0, 0, '2025-12-05 13:34:12'),
(362, 200, 30, '{\"choice_id\":\"false\"}', 1, 10, '2025-12-05 13:34:12'),
(363, 200, 31, '{\"choice_id\":\"true\"}', 0, 0, '2025-12-05 13:34:14'),
(364, 201, 1, '{\"choice_id\":2}', 1, 90, '2025-12-05 13:39:00'),
(365, 201, 2, '{\"choice_id\":6}', 1, 10, '2025-12-05 13:39:01'),
(366, 201, 3, '{\"choice_id\":8}', 1, 10, '2025-12-05 13:39:02'),
(367, 202, 1, '{\"choice_id\":3}', 0, 0, '2025-12-05 13:39:28'),
(368, 202, 2, '{\"choice_id\":5}', 0, 0, '2025-12-05 13:39:29'),
(369, 202, 3, '{\"choice_id\":9}', 0, 0, '2025-12-05 13:39:30'),
(370, 203, 1, '{\"choice_id\":2}', 1, 90, '2025-12-05 13:39:37'),
(371, 203, 2, '{\"choice_id\":6}', 1, 10, '2025-12-05 13:39:37'),
(372, 203, 3, '{\"choice_id\":8}', 1, 10, '2025-12-05 13:39:38'),
(373, 204, 1, '{\"choice_id\":2}', 1, 90, '2025-12-05 13:40:09'),
(374, 204, 2, '{\"choice_id\":6}', 1, 10, '2025-12-05 13:40:10'),
(375, 204, 3, '{\"choice_id\":8}', 1, 10, '2025-12-05 13:40:11'),
(376, 205, 1, '{\"choice_id\":2}', 1, 90, '2025-12-05 13:40:16'),
(377, 205, 2, '{\"choice_id\":6}', 1, 10, '2025-12-05 13:40:16'),
(378, 205, 3, '{\"choice_id\":8}', 1, 10, '2025-12-05 13:40:17'),
(379, 206, 1, '{\"choice_id\":1}', 0, 0, '2025-12-05 13:40:28'),
(380, 206, 2, '{\"choice_id\":4}', 0, 0, '2025-12-05 13:40:30'),
(381, 206, 3, '{\"choice_id\":7}', 0, 0, '2025-12-05 13:40:30'),
(382, 207, 1, '{\"choice_id\":2}', 1, 90, '2025-12-05 13:40:58'),
(383, 207, 2, '{\"choice_id\":6}', 1, 10, '2025-12-05 13:41:00'),
(384, 207, 3, '{\"choice_id\":8}', 1, 10, '2025-12-05 13:41:01'),
(385, 208, 1, '{\"choice_id\":2}', 1, 90, '2025-12-05 13:42:40'),
(386, 208, 2, '{\"choice_id\":6}', 1, 10, '2025-12-05 13:42:40'),
(387, 208, 3, '{\"choice_id\":8}', 1, 10, '2025-12-05 13:42:41'),
(388, 209, 1, '{\"choice_id\":3}', 0, 0, '2025-12-05 13:43:00'),
(389, 209, 2, '{\"choice_id\":6}', 1, 10, '2025-12-05 13:43:00'),
(390, 209, 3, '{\"choice_id\":9}', 0, 0, '2025-12-05 13:43:01'),
(391, 210, 1, '{\"choice_id\":2}', 1, 90, '2025-12-05 13:43:05'),
(392, 210, 2, '{\"choice_id\":6}', 1, 10, '2025-12-05 13:43:06'),
(393, 210, 3, '{\"choice_id\":8}', 1, 10, '2025-12-05 13:43:07'),
(394, 211, 1, '{\"choice_id\":3}', 0, 0, '2025-12-05 13:43:58'),
(395, 211, 2, '{\"choice_id\":6}', 1, 10, '2025-12-05 13:43:59'),
(396, 211, 3, '{\"choice_id\":9}', 0, 0, '2025-12-05 13:43:59'),
(397, 212, 1, '{\"choice_id\":2}', 1, 90, '2025-12-05 13:44:03'),
(398, 212, 2, '{\"choice_id\":6}', 1, 10, '2025-12-05 13:44:03'),
(399, 212, 3, '{\"choice_id\":8}', 1, 10, '2025-12-05 13:44:04'),
(400, 213, 1, '{\"choice_id\":2}', 1, 90, '2025-12-05 13:45:03'),
(401, 213, 2, '{\"choice_id\":6}', 1, 10, '2025-12-05 13:45:04'),
(402, 213, 3, '{\"choice_id\":8}', 1, 10, '2025-12-05 13:45:04'),
(403, 214, 1, '{\"choice_id\":2}', 1, 90, '2025-12-05 13:47:58'),
(404, 214, 2, '{\"choice_id\":6}', 1, 10, '2025-12-05 13:47:58'),
(405, 214, 3, '{\"choice_id\":8}', 1, 10, '2025-12-05 13:47:59'),
(406, 215, 1, '{\"choice_id\":2}', 1, 90, '2025-12-05 13:50:22'),
(407, 215, 2, '{\"choice_id\":6}', 1, 10, '2025-12-05 13:50:22'),
(408, 215, 3, '{\"choice_id\":8}', 1, 10, '2025-12-05 13:50:23'),
(409, 216, 1, '{\"choice_id\":2}', 1, 90, '2025-12-05 13:58:59'),
(410, 216, 2, '{\"choice_id\":5}', 0, 0, '2025-12-05 13:59:00'),
(411, 216, 3, '{\"choice_id\":8}', 1, 10, '2025-12-05 13:59:02'),
(412, 217, 1, '{\"choice_id\":2}', 1, 90, '2025-12-05 13:59:08'),
(413, 217, 2, '{\"choice_id\":6}', 1, 10, '2025-12-05 13:59:09'),
(414, 217, 3, '{\"choice_id\":8}', 1, 10, '2025-12-05 13:59:10'),
(415, 218, 1, '{\"choice_id\":2}', 1, 90, '2025-12-05 14:02:36'),
(416, 218, 2, '{\"choice_id\":6}', 1, 10, '2025-12-05 14:02:36'),
(417, 218, 3, '{\"choice_id\":8}', 1, 10, '2025-12-05 14:02:37'),
(418, 219, 1, '{\"choice_id\":2}', 1, 90, '2025-12-05 14:05:31'),
(419, 219, 2, '{\"choice_id\":6}', 1, 10, '2025-12-05 14:05:32'),
(420, 219, 3, '{\"choice_id\":8}', 1, 10, '2025-12-05 14:05:33'),
(421, 220, 1, '{\"choice_id\":2}', 1, 90, '2025-12-05 14:05:43'),
(422, 220, 2, '{\"choice_id\":6}', 1, 10, '2025-12-05 14:05:44'),
(423, 220, 3, '{\"choice_id\":8}', 1, 10, '2025-12-05 14:05:44');

-- --------------------------------------------------------

--
-- Table structure for table `attempt_sessions`
--

CREATE TABLE `attempt_sessions` (
  `id` int(11) NOT NULL,
  `user_id` int(11) NOT NULL,
  `exercise_id` int(11) NOT NULL,
  `started_at` timestamp NOT NULL DEFAULT current_timestamp(),
  `finished_at` timestamp NULL DEFAULT NULL,
  `score` int(11) NOT NULL DEFAULT 0
) ENGINE=InnoDB DEFAULT CHARSET=utf8mb4 COLLATE=utf8mb4_unicode_ci;

--
-- Dumping data for table `attempt_sessions`
--

INSERT INTO `attempt_sessions` (`id`, `user_id`, `exercise_id`, `started_at`, `finished_at`, `score`) VALUES
(1, 1, 3, '2025-11-28 13:18:01', NULL, 0),
(2, 1, 1, '2025-11-28 13:20:42', '2025-11-28 13:20:49', 0),
(3, 1, 1, '2025-11-28 13:20:54', '2025-11-28 13:20:59', 0),
(4, 1, 1, '2025-11-28 13:21:13', '2025-11-28 13:21:17', 10),
(5, 1, 1, '2025-11-28 13:22:38', '2025-11-28 13:22:48', 10),
(6, 1, 1, '2025-11-28 13:22:50', '2025-11-28 13:22:55', 0),
(7, 1, 1, '2025-11-28 13:22:58', '2025-11-28 13:22:59', 0),
(8, 1, 1, '2025-11-28 13:23:35', NULL, 0),
(9, 1, 7, '2025-11-28 13:26:03', NULL, 0),
(11, 1, 1, '2025-11-28 13:28:27', '2025-11-28 13:28:42', 30),
(12, 1, 1, '2025-11-28 13:28:49', '2025-11-28 13:28:56', 30),
(13, 1, 1, '2025-11-28 13:29:26', NULL, 0),
(14, 1, 1, '2025-11-28 13:37:15', NULL, 0),
(15, 1, 1, '2025-11-28 13:39:25', '2025-11-28 13:39:39', 30),
(16, 1, 1, '2025-11-28 13:40:00', NULL, 0),
(17, 1, 1, '2025-11-28 13:40:49', NULL, 0),
(18, 1, 1, '2025-11-28 13:41:05', '2025-11-28 13:41:27', 30),
(19, 1, 1, '2025-11-28 13:43:59', '2025-11-28 13:44:08', 30),
(20, 1, 1, '2025-11-28 13:44:26', NULL, 0),
(21, 1, 1, '2025-11-28 13:48:49', '2025-11-28 13:48:58', 30),
(22, 1, 1, '2025-11-28 13:49:05', '2025-11-28 13:49:11', 10),
(23, 1, 1, '2025-11-28 13:52:19', '2025-11-28 13:52:25', 10),
(24, 1, 1, '2025-11-28 13:53:03', NULL, 0),
(25, 1, 1, '2025-11-28 13:53:14', NULL, 0),
(26, 1, 1, '2025-11-28 13:53:36', '2025-11-28 13:53:47', 20),
(27, 1, 1, '2025-11-28 13:54:07', '2025-11-28 13:54:14', 30),
(28, 1, 1, '2025-11-28 13:54:22', NULL, 0),
(29, 1, 1, '2025-11-28 13:55:20', '2025-11-28 13:58:48', 20),
(30, 1, 1, '2025-11-28 14:00:53', '2025-11-28 14:01:03', 30),
(31, 1, 1, '2025-11-28 14:01:58', '2025-11-28 14:02:02', 20),
(32, 1, 1, '2025-11-28 14:04:17', '2025-11-28 14:04:24', 20),
(33, 1, 1, '2025-11-28 14:04:58', '2025-11-28 14:05:01', 20),
(34, 1, 1, '2025-11-28 14:05:32', '2025-11-28 14:05:37', 20),
(35, 1, 1, '2025-11-28 14:06:49', NULL, 0),
(36, 1, 3, '2025-11-28 14:06:53', NULL, 0),
(37, 1, 5, '2025-11-28 14:07:01', NULL, 0),
(38, 1, 1, '2025-11-28 14:08:35', '2025-11-28 14:08:38', 30),
(39, 1, 1, '2025-11-28 14:15:12', '2025-11-28 14:15:17', 30),
(40, 1, 1, '2025-11-28 14:15:23', NULL, 0),
(41, 1, 1, '2025-11-28 14:15:46', '2025-11-28 14:15:50', 20),
(42, 1, 1, '2025-11-28 14:19:25', '2025-11-28 14:19:30', 20),
(43, 1, 1, '2025-11-28 14:19:50', '2025-11-28 14:20:51', 20),
(44, 1, 1, '2025-11-28 14:23:47', '2025-11-28 14:23:51', 30),
(45, 1, 1, '2025-11-28 14:25:26', '2025-11-28 14:25:29', 30),
(46, 1, 3, '2025-11-28 14:25:51', '2025-11-28 14:25:54', 10),
(47, 1, 9, '2025-11-28 14:26:00', '2025-11-28 14:26:10', 0),
(48, 1, 9, '2025-11-28 14:26:17', '2025-11-28 14:26:28', 50),
(49, 1, 1, '2025-11-28 14:26:40', '2025-11-28 14:26:45', 10),
(50, 1, 1, '2025-11-28 14:27:43', '2025-11-28 14:27:46', 30),
(51, 1, 1, '2025-11-28 14:27:52', '2025-11-28 14:28:02', 30),
(52, 1, 1, '2025-11-28 14:30:30', '2025-11-28 14:30:33', 30),
(53, 1, 1, '2025-11-28 14:31:57', '2025-11-28 14:32:02', 30),
(54, 1, 1, '2025-11-28 14:34:28', '2025-11-28 14:34:32', 20),
(55, 1, 1, '2025-11-28 14:34:43', NULL, 0),
(56, 1, 1, '2025-11-28 14:38:16', NULL, 0),
(57, 1, 1, '2025-11-28 14:38:34', NULL, 0),
(58, 1, 1, '2025-11-28 14:38:42', '2025-11-28 14:38:44', 10),
(59, 1, 1, '2025-11-28 14:38:49', '2025-11-28 14:38:53', 30),
(60, 1, 1, '2025-11-28 14:39:31', NULL, 0),
(61, 1, 1, '2025-11-28 14:39:38', NULL, 0),
(62, 1, 1, '2025-11-28 14:39:51', NULL, 0),
(63, 1, 1, '2025-11-28 14:44:47', NULL, 0),
(64, 1, 1, '2025-11-28 14:47:42', NULL, 0),
(65, 1, 1, '2025-11-28 14:48:22', NULL, 0),
(66, 1, 1, '2025-11-28 14:48:36', '2025-11-28 14:48:46', 30),
(67, 1, 1, '2025-11-28 14:48:53', '2025-11-28 14:48:56', 20),
(68, 1, 1, '2025-11-28 14:48:59', '2025-11-28 14:49:02', 10),
(69, 1, 1, '2025-11-28 14:49:06', NULL, 0),
(70, 1, 1, '2025-11-28 14:50:46', '2025-11-28 14:50:51', 30),
(71, 1, 1, '2025-11-28 14:50:55', NULL, 0),
(72, 1, 1, '2025-11-28 14:51:51', NULL, 0),
(73, 1, 1, '2025-11-28 14:53:27', NULL, 0),
(74, 1, 1, '2025-11-28 14:53:51', NULL, 0),
(75, 1, 1, '2025-11-28 14:54:14', '2025-11-28 14:54:55', 10),
(76, 1, 1, '2025-11-28 14:55:26', NULL, 0),
(77, 1, 1, '2025-11-28 14:57:11', NULL, 0),
(78, 1, 1, '2025-11-28 15:04:21', NULL, 0),
(79, 1, 1, '2025-11-28 15:04:41', NULL, 0),
(80, 1, 1, '2025-11-28 15:04:59', NULL, 0),
(81, 1, 1, '2025-11-28 15:06:59', NULL, 0),
(82, 1, 1, '2025-11-28 15:13:02', NULL, 0),
(83, 1, 1, '2025-11-28 15:14:47', NULL, 0),
(84, 1, 1, '2025-11-28 15:15:12', NULL, 0),
(85, 1, 1, '2025-11-28 15:15:22', NULL, 0),
(86, 1, 1, '2025-11-28 15:19:44', '2025-11-28 15:19:49', 20),
(87, 1, 1, '2025-11-28 15:19:55', '2025-11-28 15:19:59', 30),
(88, 1, 1, '2025-11-28 15:21:37', NULL, 0),
(89, 1, 1, '2025-11-28 15:22:45', NULL, 0),
(90, 1, 1, '2025-11-28 15:28:45', NULL, 0),
(91, 1, 1, '2025-11-28 15:30:27', '2025-11-28 15:31:22', 30),
(92, 1, 1, '2025-11-28 15:31:59', NULL, 0),
(93, 1, 1, '2025-11-28 15:32:47', NULL, 0),
(94, 1, 1, '2025-11-28 15:33:06', NULL, 0),
(95, 1, 1, '2025-11-28 15:33:18', '2025-11-28 15:33:54', 20),
(96, 1, 1, '2025-11-28 15:34:56', '2025-11-28 15:35:05', 30),
(97, 1, 1, '2025-11-28 15:37:21', '2025-11-28 15:37:41', 30),
(98, 1, 1, '2025-11-28 15:39:33', NULL, 0),
(99, 1, 1, '2025-11-28 15:40:34', '2025-11-28 15:40:49', 10),
(100, 1, 1, '2025-11-28 15:40:52', NULL, 0),
(101, 1, 1, '2025-11-28 15:43:27', NULL, 0),
(102, 1, 1, '2025-11-28 15:44:44', NULL, 0),
(103, 1, 1, '2025-11-28 15:50:48', NULL, 0),
(104, 1, 1, '2025-11-28 15:51:12', NULL, 0),
(105, 1, 1, '2025-11-28 15:51:52', '2025-11-28 15:51:59', 30),
(106, 1, 1, '2025-11-28 15:52:32', NULL, 0),
(107, 1, 1, '2025-11-28 15:52:51', NULL, 0),
(108, 1, 1, '2025-11-28 15:53:38', NULL, 0),
(109, 1, 1, '2025-11-28 15:53:55', NULL, 0),
(110, 1, 1, '2025-11-28 15:54:00', NULL, 0),
(111, 1, 1, '2025-11-28 15:54:06', NULL, 0),
(112, 1, 1, '2025-11-28 15:54:16', NULL, 0),
(113, 1, 1, '2025-11-28 15:54:56', NULL, 0),
(114, 1, 1, '2025-11-28 15:55:08', NULL, 0),
(115, 1, 1, '2025-11-28 15:55:21', NULL, 0),
(116, 1, 1, '2025-11-28 15:55:33', NULL, 0),
(117, 1, 1, '2025-11-28 15:55:40', NULL, 0),
(118, 1, 1, '2025-11-28 15:55:50', NULL, 0),
(119, 1, 1, '2025-11-28 15:55:56', NULL, 0),
(120, 1, 1, '2025-11-28 15:56:05', NULL, 0),
(121, 1, 1, '2025-11-28 15:56:13', NULL, 0),
(122, 1, 1, '2025-11-28 15:56:19', NULL, 0),
(123, 1, 1, '2025-11-28 15:56:26', NULL, 0),
(124, 1, 1, '2025-11-28 15:57:17', NULL, 0),
(125, 1, 1, '2025-11-28 15:57:27', NULL, 0),
(126, 1, 1, '2025-11-28 15:57:36', NULL, 0),
(127, 1, 1, '2025-11-28 15:57:56', NULL, 0),
(128, 1, 1, '2025-11-28 15:58:19', NULL, 0),
(129, 1, 1, '2025-11-28 15:58:28', NULL, 0),
(130, 1, 1, '2025-11-28 15:58:35', NULL, 0),
(131, 1, 1, '2025-11-28 15:58:43', NULL, 0),
(132, 1, 1, '2025-11-28 15:59:09', '2025-11-28 15:59:19', 20),
(133, 1, 1, '2025-11-28 15:59:21', NULL, 0),
(134, 1, 1, '2025-11-28 15:59:35', NULL, 0),
(135, 1, 1, '2025-11-28 15:59:49', NULL, 0),
(136, 1, 1, '2025-11-28 16:00:02', NULL, 0),
(137, 1, 1, '2025-11-28 16:00:08', NULL, 0),
(138, 1, 1, '2025-11-28 16:00:23', NULL, 0),
(139, 1, 1, '2025-11-28 16:00:31', NULL, 0),
(140, 1, 1, '2025-11-28 16:00:57', NULL, 0),
(141, 1, 1, '2025-11-28 16:01:10', NULL, 0),
(142, 1, 1, '2025-11-28 16:01:16', NULL, 0),
(143, 1, 1, '2025-11-28 16:01:29', NULL, 0),
(144, 1, 1, '2025-11-28 16:06:12', '2025-11-28 16:06:23', 30),
(145, 1, 1, '2025-11-28 16:06:40', '2025-11-28 16:06:56', 10),
(146, 1, 1, '2025-11-28 16:07:01', '2025-11-28 16:07:06', 0),
(147, 1, 1, '2025-11-28 16:07:08', '2025-11-28 16:07:29', 30),
(148, 1, 1, '2025-11-28 16:07:41', NULL, 0),
(149, 1, 3, '2025-11-28 16:07:55', '2025-11-28 16:08:01', 10),
(150, 1, 9, '2025-11-28 16:08:04', '2025-11-28 16:08:19', 30),
(151, 1, 1, '2025-11-28 16:13:36', NULL, 0),
(152, 1, 1, '2025-11-28 16:13:38', NULL, 0),
(153, 1, 1, '2025-11-28 16:13:50', '2025-11-28 16:13:54', 30),
(154, 1, 1, '2025-11-28 16:14:01', '2025-11-28 16:14:05', 30),
(155, 1, 1, '2025-12-05 12:31:05', '2025-12-05 12:31:14', 30),
(156, 1, 5, '2025-12-05 12:31:19', NULL, 0),
(157, 1, 5, '2025-12-05 12:32:45', NULL, 0),
(158, 1, 7, '2025-12-05 12:32:50', NULL, 0),
(159, 1, 3, '2025-12-05 12:32:54', NULL, 0),
(160, 1, 1, '2025-12-05 12:32:59', NULL, 0),
(161, 1, 1, '2025-12-05 12:35:13', NULL, 0),
(162, 1, 1, '2025-12-05 12:35:17', '2025-12-05 12:35:31', 30),
(163, 1, 1, '2025-12-05 12:35:58', '2025-12-05 12:36:02', 30),
(164, 1, 1, '2025-12-05 12:36:10', NULL, 0),
(165, 1, 5, '2025-12-05 12:38:39', NULL, 0),
(166, 1, 1, '2025-12-05 12:39:27', NULL, 0),
(167, 1, 1, '2025-12-05 12:42:48', '2025-12-05 12:42:53', 30),
(168, 1, 5, '2025-12-05 12:42:57', NULL, 0),
(169, 1, 5, '2025-12-05 12:43:07', '2025-12-05 12:43:25', 0),
(170, 1, 5, '2025-12-05 12:43:30', '2025-12-05 12:43:36', 0),
(171, 1, 5, '2025-12-05 12:43:54', '2025-12-05 12:44:10', 0),
(172, 1, 5, '2025-12-05 12:44:24', NULL, 0),
(173, 1, 5, '2025-12-05 12:45:48', NULL, 0),
(174, 1, 5, '2025-12-05 12:47:12', NULL, 0),
(175, 1, 5, '2025-12-05 12:52:17', NULL, 0),
(176, 1, 5, '2025-12-05 12:57:21', NULL, 0),
(177, 1, 5, '2025-12-05 12:57:33', NULL, 0),
(178, 1, 5, '2025-12-05 12:58:12', NULL, 0),
(179, 1, 1, '2025-12-05 13:00:43', '2025-12-05 13:00:50', 0),
(180, 1, 1, '2025-12-05 13:00:53', NULL, 0),
(181, 1, 1, '2025-12-05 13:02:33', NULL, 0),
(182, 1, 1, '2025-12-05 13:05:19', '2025-12-05 13:05:24', 20),
(183, 1, 5, '2025-12-05 13:05:29', '2025-12-05 13:05:46', 40),
(184, 1, 5, '2025-12-05 13:12:03', '2025-12-05 13:12:14', 50),
(185, 1, 5, '2025-12-05 13:12:50', '2025-12-05 13:12:59', 30),
(186, 1, 5, '2025-12-05 13:13:02', '2025-12-05 13:13:18', 50),
(187, 1, 5, '2025-12-05 13:15:50', NULL, 0),
(188, 1, 5, '2025-12-05 13:15:58', NULL, 0),
(189, 1, 1, '2025-12-05 13:23:05', '2025-12-05 13:23:08', 30),
(190, 1, 1, '2025-12-05 13:23:37', '2025-12-05 13:23:41', 110),
(191, 1, 1, '2025-12-05 13:24:11', '2025-12-05 13:24:17', 110),
(192, 1, 1, '2025-12-05 13:27:37', '2025-12-05 13:27:40', 110),
(193, 1, 1, '2025-12-05 13:28:17', '2025-12-05 13:28:20', 110),
(194, 1, 1, '2025-12-05 13:29:54', '2025-12-05 13:29:56', 110),
(195, 1, 1, '2025-12-05 13:31:55', '2025-12-05 13:31:58', 110),
(196, 1, 1, '2025-12-05 13:32:48', '2025-12-05 13:32:51', 110),
(197, 1, 1, '2025-12-05 13:33:23', '2025-12-05 13:33:25', 110),
(198, 1, 4, '2025-12-05 13:33:46', NULL, 0),
(199, 1, 6, '2025-12-05 13:33:50', '2025-12-05 13:34:01', 90),
(200, 1, 6, '2025-12-05 13:34:06', '2025-12-05 13:34:14', 40),
(201, 1, 1, '2025-12-05 13:38:58', '2025-12-05 13:39:02', 110),
(202, 1, 1, '2025-12-05 13:39:25', '2025-12-05 13:39:30', 0),
(203, 1, 1, '2025-12-05 13:39:36', '2025-12-05 13:39:38', 110),
(204, 1, 1, '2025-12-05 13:40:08', '2025-12-05 13:40:11', 110),
(205, 1, 1, '2025-12-05 13:40:15', '2025-12-05 13:40:17', 110),
(206, 1, 1, '2025-12-05 13:40:27', '2025-12-05 13:40:30', 0),
(207, 1, 1, '2025-12-05 13:40:57', '2025-12-05 13:41:01', 110),
(208, 1, 1, '2025-12-05 13:42:39', '2025-12-05 13:42:41', 110),
(209, 1, 1, '2025-12-05 13:42:58', '2025-12-05 13:43:01', 10),
(210, 1, 1, '2025-12-05 13:43:04', '2025-12-05 13:43:07', 110),
(211, 1, 1, '2025-12-05 13:43:58', '2025-12-05 13:43:59', 10),
(212, 1, 1, '2025-12-05 13:44:02', '2025-12-05 13:44:04', 110),
(213, 1, 1, '2025-12-05 13:45:01', '2025-12-05 13:45:04', 110),
(214, 1, 1, '2025-12-05 13:47:57', '2025-12-05 13:47:59', 110),
(215, 1, 1, '2025-12-05 13:50:20', '2025-12-05 13:50:23', 110),
(216, 1, 1, '2025-12-05 13:58:57', '2025-12-05 13:59:02', 100),
(217, 1, 1, '2025-12-05 13:59:07', '2025-12-05 13:59:10', 110),
(218, 1, 1, '2025-12-05 14:02:35', '2025-12-05 14:02:37', 110),
(219, 1, 1, '2025-12-05 14:05:30', '2025-12-05 14:05:33', 110),
(220, 1, 1, '2025-12-05 14:05:42', '2025-12-05 14:05:44', 110),
(221, 1, 1, '2025-12-05 14:31:48', NULL, 0);

-- --------------------------------------------------------

--
-- Table structure for table `badges`
--

CREATE TABLE `badges` (
  `id` int(11) NOT NULL,
  `key_name` varchar(100) NOT NULL,
  `title` varchar(255) NOT NULL,
  `description` text DEFAULT NULL
) ENGINE=InnoDB DEFAULT CHARSET=utf8mb4 COLLATE=utf8mb4_general_ci;

--
-- Dumping data for table `badges`
--

INSERT INTO `badges` (`id`, `key_name`, `title`, `description`) VALUES
(1, 'first_steps', 'Första stegen', 'Gjorde första övningen');

-- --------------------------------------------------------

--
-- Table structure for table `blanks`
--

CREATE TABLE `blanks` (
  `id` int(11) NOT NULL,
  `question_id` int(11) NOT NULL,
  `blank_index` int(11) NOT NULL,
  `placeholder` text NOT NULL,
  `correct_text` text NOT NULL
) ENGINE=InnoDB DEFAULT CHARSET=utf8mb4 COLLATE=utf8mb4_unicode_ci;

--
-- Dumping data for table `blanks`
--

INSERT INTO `blanks` (`id`, `question_id`, `blank_index`, `placeholder`, `correct_text`) VALUES
(1, 32, 1, '[[1]]', 'skolgården'),
(2, 32, 2, '[[2]]', 'boll'),
(3, 32, 3, '[[3]]', 'svettiga'),
(4, 33, 1, '[[1]]', 'gula'),
(5, 33, 2, '[[2]]', 'mamma'),
(6, 33, 3, '[[3]]', 'vattenpölar'),
(7, 33, 4, '[[4]]', 'Alva'),
(8, 33, 5, '[[5]]', 'immiga');

-- --------------------------------------------------------

--
-- Table structure for table `choices`
--

CREATE TABLE `choices` (
  `id` int(11) NOT NULL,
  `question_id` int(11) NOT NULL,
  `content` text NOT NULL,
  `is_correct` tinyint(1) DEFAULT 0,
  `pos` int(11) DEFAULT 0,
  `meta` longtext CHARACTER SET utf8mb4 COLLATE utf8mb4_bin DEFAULT NULL CHECK (json_valid(`meta`)),
  `correct_pos` int(11) DEFAULT NULL
) ENGINE=InnoDB DEFAULT CHARSET=utf8mb4 COLLATE=utf8mb4_general_ci;

-- --------------------------------------------------------

--
-- Table structure for table `exercises`
--

CREATE TABLE `exercises` (
  `id` int(11) NOT NULL,
  `title` varchar(255) NOT NULL,
  `difficulty` varchar(20) NOT NULL DEFAULT 'easy',
  `min_level` int(11) NOT NULL DEFAULT 1,
  `created_at` timestamp NOT NULL DEFAULT current_timestamp()
) ENGINE=InnoDB DEFAULT CHARSET=utf8mb4 COLLATE=utf8mb4_unicode_ci;

--
-- Dumping data for table `exercises`
--

INSERT INTO `exercises` (`id`, `title`, `difficulty`, `min_level`, `created_at`) VALUES
(1, 'Lisa i affären', 'easy', 1, '2025-11-28 13:05:51'),
(2, 'Den försvunna katten', 'hard', 10, '2025-11-28 13:05:51'),
(3, 'Den borttappade mössan', 'easy', 1, '2025-11-28 13:05:51'),
(4, 'Den glömda läxan', 'hard', 10, '2025-11-28 13:05:51'),
(5, 'Glass i parken', 'easy', 1, '2025-11-28 13:05:51'),
(6, 'Tågresan', 'hard', 10, '2025-11-28 13:05:51'),
(7, 'En solig rast', 'easy', 1, '2025-11-28 13:05:51'),
(8, 'En regnig morgon', 'hard', 10, '2025-11-28 13:05:51'),
(9, 'Tobias och paraplyet', 'easy', 1, '2025-11-28 13:05:51'),
(10, 'Ett nytt husdjur', 'hard', 10, '2025-11-28 13:05:51');

-- --------------------------------------------------------

--
-- Table structure for table `exercise_passages`
--

CREATE TABLE `exercise_passages` (
  `id` int(11) NOT NULL,
  `exercise_id` int(11) NOT NULL,
  `content` longtext NOT NULL
) ENGINE=InnoDB DEFAULT CHARSET=utf8mb4 COLLATE=utf8mb4_unicode_ci;

--
-- Dumping data for table `exercise_passages`
--

INSERT INTO `exercise_passages` (`id`, `exercise_id`, `content`) VALUES
(1, 1, 'Lisa gick till affären för att köpa mjölk. På vägen träffade hon sin vän Max som hade en hund med sig. Tillsammans gick de till affären och köpte glass. Sedan satte de sig i parken för att äta den.'),
(2, 2, 'När Emma kom hem från skolan en eftermiddag märkte hon direkt att något inte stämde. Hennes katt, Maja, brukade alltid möta henne vid dörren, men nu var hallen tyst och tom. Emma ropade kattens namn flera gånger, men fick inget svar. Hon började leta under sängen, bakom soffan och till och med i garderoben. Inget spår av Maja.\nEmma kände hur oron växte. Hon gick ut på gården för att se om katten kanske smitit ut genom det öppna fönstret i köket. Ute blåste en kall vind och molnen såg tunga ut. Hon ropade igen, men allt hon hörde var vinden i träden.\nEfter en stund kom grannen, en äldre man som hette Bengt, ut från sitt hus. Han höll något litet i famnen – det var Maja! Katten hade tydligen klättrat in i Bengts garage och gömt sig bland gamla kartonger. Bengt hade hört ett svagt jamande när han skulle hämta cykeln.\nEmma blev så lättad att hon nästan började gråta. Hon tackade Bengt flera gånger och bar hem sin katt. Den kvällen låg Maja tätt intill henne i soffan, och Emma stängde noggrant alla fönster innan hon gick och lade sig.'),
(3, 3, 'Emma gick till skolan en kall morgon. När hon kom fram märkte hon att hennes mössa var borta. Hon blev ledsen och började leta. Hon gick hela vägen tillbaka hem. På vägen såg hon mössan ligga i snön. Emma tog upp den och borstade bort snön. Sedan sprang hon till skolan igen och hann precis i tid.'),
(4, 4, 'Jonas satt vid sitt skrivbord en söndagskväll när han plötsligt kom ihåg att han inte hade gjort sin engelskaläxa. Han tittade på klockan – den var redan halv tio. Paniken steg. Han försökte snabbt öppna sin dator för att skriva några meningar, men datorn behövde uppdateras.\nHan sprang ner till köket där hans mamma satt och läste. Hon log när hon såg honom, men leendet försvann snabbt när Jonas berättade vad han hade glömt. Hon suckade och sa att han fick göra så gott han kunde, men att han måste lära sig planera bättre.\nDatorn startade till slut och Jonas började skriva. Det tog nästan en timme, men han lyckades bli klar innan elva. När han la sig i sängen kände han sig både trött och lättad. Han visste att han skulle göra läxan tidigare nästa gång.'),
(5, 5, 'Lisa gick till parken med sin pappa en solig dag. De köpte varsin glass vid kiosken. Lisa valde jordgubbssmak och hennes pappa tog choklad. De satte sig på en bänk och tittade på ankorna i dammen. En liten pojke tappade sin glass på marken och började gråta. Lisa gav honom lite av sin egen glass och han blev glad igen.'),
(6, 6, 'Albin skulle åka tåg till sin mormor för första gången ensam. Hans mamma följde honom till stationen och hjälpte honom hitta rätt perrong. Tåget var stort och fullt av folk. Albin hittade sin plats vid fönstret och la väskan på hyllan ovanför.\nNär tåget började rulla kände han sig lite nervös men också stolt. Han såg hur staden försvann bakom honom och skogarna började ta över utanför fönstret. En äldre dam som satt bredvid frågade vart han skulle, och de började prata. Hon bjöd honom på en karamell, och tiden gick fort.\nNär tåget stannade vid mormors station stod hon redan och väntade på perrongen. Albin vinkade och sprang fram för att krama henne. Det hade gått mycket bättre än han trott.'),
(7, 7, 'Det var rast och Leo sprang ut på skolgården. Solen sken och fåglarna sjöng. Han tog sin boll och började sparka den mot väggen. Snart kom Emma och ville vara med. De turades om att skjuta bollen och skrattade högt. När klockan ringde sprang de in igen, lite svettiga men glada.'),
(8, 8, 'Elias vaknade tidigt en regnig tisdag. Regnet slog mot fönstret och han suckade. Han hade egentligen velat sova längre, men skolan väntade. Han tog på sig sin gula regnjacka, drog stövlarna över byxbenen och gick ner till köket. Där satt hans mamma och drack kaffe. På bordet stod en skål med gröt och några smörgåsar. Elias åt snabbt, för bussen skulle snart komma. När han öppnade dörren blåste det kallt. Vinden tog tag i paraplyet så det nästan vände sig ut och in. Vägen till hållplatsen var full av vattenpölar. Elias försökte hoppa över dem, men snart var stövlarna blöta ändå. Vid busshållplatsen stod hans kompis Alva. De log mot varandra och skrattade åt hur blöta de var. När bussen kom satte de sig längst bak. Fönstren var immiga, och de ritade figurer i kondensen. Trots vädret kände sig Elias glad. Han tänkte att dagen nog kunde bli bra ändå.'),
(9, 9, 'Tobias gick till skolan en regnig morgon. Han glömde sitt paraply hemma. Regnet började falla och han blev blöt. Hans vän Emma såg honom och gav honom sitt extra paraply. Tobias blev glad och tackade Emma. Han höll paraplyet hela vägen till skolan.'),
(10, 10, 'Sara hade alltid velat ha ett eget husdjur. En dag gick hennes familj till djuraffären ”Djurvännen”. Där fanns kaniner, marsvin och fiskar, men Sara fastnade direkt för en liten sköldpadda som låg stilla på en sten. Säljaren berättade att sköldpaddor kunde leva i många år om man tog väl hand om dem. De behövde värme, rent vatten och mat varje dag. Sara lyssnade noga och skrev upp allt i sin anteckningsbok. Hemma fick sköldpaddan ett akvarium med sand, en liten grotta och en värmelampa. Hon döpte den till Skalis. De första dagarna var Sara försiktig, men snart vågade hon mata och till och med klappa den försiktigt på skalet. Skalis verkade trivas och brukade simma fram när hon kom nära glaset.');

-- --------------------------------------------------------

--
-- Table structure for table `matching_pairs`
--

CREATE TABLE `matching_pairs` (
  `id` int(11) NOT NULL,
  `question_id` int(11) NOT NULL,
  `left_text` text NOT NULL,
  `right_text` text NOT NULL,
  `left_index` int(11) NOT NULL,
  `right_index` int(11) NOT NULL
) ENGINE=InnoDB DEFAULT CHARSET=utf8mb4 COLLATE=utf8mb4_unicode_ci;

--
-- Dumping data for table `matching_pairs`
--

INSERT INTO `matching_pairs` (`id`, `question_id`, `left_text`, `right_text`, `left_index`, `right_index`) VALUES
(1, 39, 'Sköldpadda', 'Djuret som Sara valde', 0, 0),
(2, 39, 'Akvarium', 'Platsen där Skalis bor', 1, 1),
(3, 39, 'Djurvännen', 'Namnet på djuraffären', 2, 2),
(4, 39, 'Skalis', 'Sköldpaddans namn', 3, 3);

-- --------------------------------------------------------

--
-- Table structure for table `ordering_items`
--

CREATE TABLE `ordering_items` (
  `id` int(11) NOT NULL,
  `question_id` int(11) NOT NULL,
  `content` text NOT NULL,
  `pos` int(11) NOT NULL DEFAULT 0,
  `correct_pos` int(11) NOT NULL DEFAULT 0
) ENGINE=InnoDB DEFAULT CHARSET=utf8mb4 COLLATE=utf8mb4_unicode_ci;

--
-- Dumping data for table `ordering_items`
--

INSERT INTO `ordering_items` (`id`, `question_id`, `content`, `pos`, `correct_pos`) VALUES
(1, 14, 'Emma gick till skolan en kall morgon.', 1, 1),
(2, 14, 'När hon kom fram märkte hon att hennes mössa var borta.', 2, 2),
(3, 14, 'Hon blev ledsen och började leta.', 3, 3),
(4, 14, 'Hon gick hela vägen tillbaka hem.', 4, 4),
(5, 14, 'På vägen såg hon mössan ligga i snön.', 5, 5),
(6, 14, 'Emma tog upp den och borstade bort snön.', 6, 6),
(7, 14, 'Sedan sprang hon till skolan igen och hann precis i tid.', 7, 7),
(8, 15, 'Jonas kom plötsligt ihåg att han inte hade gjort sin engelskaläxa.', 1, 1),
(9, 15, 'Jonas tittade på klockan – den var redan halv tio.', 2, 2),
(10, 15, 'Paniken steg och Jonas försökte snabbt öppna sin dator.', 3, 3),
(11, 15, 'Datorn behövde uppdateras innan Jonas kunde börja skriva.', 4, 4),
(12, 15, 'Jonas sprang ner till köket.', 5, 5),
(13, 15, 'Leendet på mammas ansikte försvann när Jonas berättade vad han hade glömt.', 6, 6),
(14, 15, 'Hon sa att han fick göra så gott han kunde och lära sig planera bättre.', 7, 7),
(15, 15, 'Datorn startade till slut, och Jonas skrev klart läxan före elva.', 8, 8),
(16, 15, 'När han la sig i sängen kände han sig trött men lättad.', 9, 9);

-- --------------------------------------------------------

--
-- Table structure for table `questions`
--

CREATE TABLE `questions` (
  `id` int(11) NOT NULL,
  `exercise_id` int(11) NOT NULL,
  `type` enum('mcq','truefalse','ordering','fillblank','matching') NOT NULL,
  `content` text NOT NULL,
  `correct_answer` tinyint(1) DEFAULT NULL,
  `pos` int(11) NOT NULL DEFAULT 0,
  `meta` longtext CHARACTER SET utf8mb4 COLLATE utf8mb4_bin DEFAULT NULL CHECK (json_valid(`meta`))
) ENGINE=InnoDB DEFAULT CHARSET=utf8mb4 COLLATE=utf8mb4_unicode_ci;

--
-- Dumping data for table `questions`
--

INSERT INTO `questions` (`id`, `exercise_id`, `type`, `content`, `correct_answer`, `pos`, `meta`) VALUES
(1, 1, 'mcq', 'Vart gick Lisa först?', NULL, 1, '{\"points\":90}'),
(2, 1, 'mcq', 'Vem träffade Lisa på vägen?', NULL, 2, NULL),
(3, 1, 'mcq', 'Vad gjorde de efter att ha handlat?', NULL, 3, NULL),
(4, 2, 'mcq', 'Vad brukade Maja vanligtvis göra när Emma kom hem?', NULL, 1, NULL),
(5, 2, 'mcq', 'Hur märkte Emma att något inte stämde?', NULL, 2, NULL),
(6, 2, 'mcq', 'Vad gjorde Emma först när hon inte hittade Maja?', NULL, 3, NULL),
(7, 2, 'mcq', 'Varför trodde Emma att Maja kanske var ute?', NULL, 4, NULL),
(8, 2, 'mcq', 'Hur var vädret när Emma gick ut?', NULL, 5, NULL),
(9, 2, 'mcq', 'Vem hittade till slut katten?', NULL, 6, NULL),
(10, 2, 'mcq', 'Var hittades Maja?', NULL, 7, NULL),
(11, 2, 'mcq', 'Hur hade Bengt märkt att katten var där?', NULL, 8, NULL),
(12, 2, 'mcq', 'Vad gjorde Emma när hon fick tillbaka sin katt?', NULL, 9, NULL),
(13, 2, 'mcq', 'Vad lärde sig Emma av händelsen?', NULL, 10, NULL),
(14, 3, 'ordering', 'Ordna meningarna i rätt ordning', NULL, 1, NULL),
(15, 4, 'ordering', 'Sortera händelser i rätt ordning', NULL, 1, NULL),
(17, 5, 'truefalse', 'Lisa gick till parken med sin mamma.', 0, 1, '{\"points\":10}'),
(18, 5, 'truefalse', 'Det var en solig dag när de gick till parken.', 1, 2, '{\"points\":10}'),
(19, 5, 'truefalse', 'Lisa valde jordgubbsglass.', 0, 3, '{\"points\":10}'),
(20, 5, 'truefalse', 'De tittade på ankor i dammen.', 1, 4, '{\"points\":10}'),
(21, 5, 'truefalse', 'Lisa skrattade åt pojken som tappade sin glass.', 0, 5, '{\"points\":10}'),
(22, 6, 'truefalse', 'Albin reste tillsammans med sin mamma hela vägen.', 1, 1, '{\"points\":10}'),
(23, 6, 'truefalse', 'Albin satt bredvid en äldre dam som bjöd honom på karamell.', NULL, 2, '{\"points\":10}'),
(24, 6, 'truefalse', 'Tåget stannade vid mormors station och hon väntade där.', NULL, 3, '{\"points\":10}'),
(25, 6, 'truefalse', 'Det var första gången Albin åkte tåg ensam.', NULL, 4, '{\"points\":10}'),
(26, 6, 'truefalse', 'Albin satt vid fönstret på tåget.', NULL, 5, '{\"points\":10}'),
(27, 6, 'truefalse', 'Albin glömde sin väska hemma.', NULL, 6, '{\"points\":10}'),
(28, 6, 'truefalse', 'Hans mamma följde honom till stationen.', NULL, 7, '{\"points\":10}'),
(29, 6, 'truefalse', 'Tåget var nästan tomt när Albin steg på.', NULL, 8, '{\"points\":10}'),
(30, 6, 'truefalse', 'Albin såg skogar utanför fönstret när tåget åkte.', NULL, 9, '{\"points\":10}'),
(31, 6, 'truefalse', 'När tåget stannade blev Albin besviken.', NULL, 10, '{\"points\":10}'),
(32, 7, 'fillblank', 'Fyll i luckorna i texten', NULL, 1, '{\"text\": \"Leo sprang ut på [[1]].\", \"words\": [\"skolgården\", \"boll\", \"svettiga\"]}'),
(33, 8, 'fillblank', 'Fyll i luckorna i texten', NULL, 1, '{\"text\": \"Elias tog på sig sin [[1]] regnjacka innan han gick ut. I köket satt hans [[2]] och drack kaffe. Ute blåste det kallt och vägen var full av [[3]]. Vid busshållplatsen stod hans kompis [[4]]. På bussen ritade de figurer på de [[5]] fönstren.\", \"words\": [\"gula\", \"mamma\", \"vattenpölar\", \"Alva\", \"immiga\"]}'),
(34, 9, 'mcq', 'Tobias gick till skolan när det …', NULL, 1, NULL),
(35, 9, 'mcq', 'Tobias glömde hemma sitt …', NULL, 2, NULL),
(36, 9, 'mcq', 'Emma gav Tobias sitt …', NULL, 3, NULL),
(37, 9, 'mcq', 'Tobias blev … när Emma hjälpte honom', NULL, 4, NULL),
(38, 9, 'mcq', 'Tobias höll paraplyet …', NULL, 5, NULL),
(39, 10, 'matching', 'Para ihop orden med rätt betydelse', NULL, 1, NULL),
(40, 10, 'mcq', 'Sara valde sitt husdjur i affären som hette …', NULL, 2, NULL),
(41, 10, 'mcq', 'Djuret som Sara valde var …', NULL, 3, NULL),
(42, 10, 'mcq', 'Skalis bor hemma i …', NULL, 4, NULL),
(43, 10, 'mcq', 'Lampan i Saras djurbur heter …', NULL, 5, NULL),
(44, 10, 'mcq', 'Personen som berättade hur man tar hand om sköldpaddan var …', NULL, 6, NULL),
(45, 10, 'mcq', 'Sara skrev ner informationen i sin …', NULL, 7, NULL),
(46, 10, 'mcq', 'På botten av akvariet låg det …', NULL, 8, NULL),
(47, 10, 'mcq', 'I akvariet fanns också en liten …', NULL, 9, NULL),
(48, 10, 'mcq', 'Skalis simmade fram till glaset när Sara …', NULL, 10, NULL),
(49, 10, 'mcq', 'När Sara tog hand om Skalis ordentligt, verkade hon …', NULL, 11, NULL);

-- --------------------------------------------------------

--
-- Table structure for table `question_choices`
--

CREATE TABLE `question_choices` (
  `id` int(11) NOT NULL,
  `question_id` int(11) NOT NULL,
  `content` text NOT NULL,
  `is_correct` tinyint(1) NOT NULL DEFAULT 0,
  `pos` int(11) NOT NULL DEFAULT 0
) ENGINE=InnoDB DEFAULT CHARSET=utf8mb4 COLLATE=utf8mb4_unicode_ci;

--
-- Dumping data for table `question_choices`
--

INSERT INTO `question_choices` (`id`, `question_id`, `content`, `is_correct`, `pos`) VALUES
(1, 1, 'Till skolan', 0, 1),
(2, 1, 'Till affären', 1, 2),
(3, 1, 'Till parken', 0, 3),
(4, 2, 'Sin mamma', 0, 1),
(5, 2, 'En hund', 0, 2),
(6, 2, 'Max', 1, 3),
(7, 3, 'Gick hem', 0, 1),
(8, 3, 'Satte sig i parken', 1, 2),
(9, 3, 'Åkte buss', 0, 3),
(10, 4, 'Ligga i soffan', 0, 1),
(11, 4, 'Vänta vid dörren', 1, 2),
(12, 4, 'Gömma sig i garderoben', 0, 3),
(13, 4, 'Sitta vid fönstret', 0, 4),
(14, 5, 'Katten jamade högt', 0, 1),
(15, 5, 'Dörren var öppen', 0, 2),
(16, 5, 'Katten kom inte fram som vanligt', 1, 3),
(17, 5, 'Lampan var släckt', 0, 4),
(18, 6, 'Ringde sin mamma', 0, 1),
(19, 6, 'Började leta i huset', 1, 2),
(20, 6, 'Gick direkt till grannen', 0, 3),
(21, 6, 'Satte sig ner och grät', 0, 4),
(22, 7, 'Fönstret i köket stod öppet', 1, 1),
(23, 7, 'Dörren stod på glänt', 0, 2),
(24, 7, 'Hon hörde jamanden utifrån', 0, 3),
(25, 7, 'Grannen hade sagt det', 0, 4),
(26, 8, 'Det regnade kraftigt', 0, 1),
(27, 8, 'Det var soligt och varmt', 0, 2),
(28, 8, 'Det blåste kallt och molnen var tunga', 1, 3),
(29, 8, 'Det snöade', 0, 4),
(30, 9, 'Emma själv', 0, 1),
(31, 9, 'Emmas mamma', 0, 2),
(32, 9, 'Grannen Bengt', 1, 3),
(33, 9, 'En förbipasserande', 0, 4),
(34, 10, 'I Bengts garage', 1, 1),
(35, 10, 'I Emmas garderob', 0, 2),
(36, 10, 'Under sängen', 0, 3),
(37, 10, 'På vinden', 0, 4),
(38, 11, 'Han såg den sitta i fönstret', 0, 1),
(39, 11, 'Han hörde ett svagt jamande', 1, 2),
(40, 11, 'Han kände lukten av kattmat', 0, 3),
(41, 11, 'Han såg tasspår på golvet', 0, 4),
(42, 12, 'Hon blev arg på katten', 0, 1),
(43, 12, 'Hon tackade Bengt och tog hem den', 1, 2),
(44, 12, 'Hon låste in katten i ett rum', 0, 3),
(45, 12, 'Hon gick ut och letade igen', 0, 4),
(46, 13, 'Att stänga fönstren ordentligt', 1, 1),
(47, 13, 'Att alltid låta katten gå ut', 0, 2),
(48, 13, 'Att inte prata med grannar', 0, 3),
(49, 13, 'Att köpa en ny katt', 0, 4),
(50, 17, 'Sant', 0, 1),
(51, 17, 'Falskt', 1, 2),
(52, 18, 'Sant', 1, 1),
(53, 18, 'Falskt', 0, 2),
(54, 19, 'Sant', 1, 1),
(55, 19, 'Falskt', 0, 2),
(56, 20, 'Sant', 1, 1),
(57, 20, 'Falskt', 0, 2),
(58, 21, 'Sant', 0, 1),
(59, 21, 'Falskt', 1, 2),
(60, 22, 'Sant', 0, 1),
(61, 22, 'Falskt', 1, 2),
(62, 23, 'Sant', 1, 1),
(63, 23, 'Falskt', 0, 2),
(64, 24, 'Sant', 1, 1),
(65, 24, 'Falskt', 0, 2),
(66, 25, 'Sant', 1, 1),
(67, 25, 'Falskt', 0, 2),
(68, 26, 'Sant', 1, 1),
(69, 26, 'Falskt', 0, 2),
(70, 27, 'Sant', 0, 1),
(71, 27, 'Falskt', 1, 2),
(72, 28, 'Sant', 1, 1),
(73, 28, 'Falskt', 0, 2),
(74, 29, 'Sant', 0, 1),
(75, 29, 'Falskt', 1, 2),
(76, 30, 'Sant', 1, 1),
(77, 30, 'Falskt', 0, 2),
(78, 31, 'Sant', 0, 1),
(79, 31, 'Falskt', 1, 2),
(80, 34, 'Regnade', 1, 1),
(81, 34, 'Snöade', 0, 2),
(82, 34, 'Var soligt', 0, 3),
(83, 34, 'Blåste', 0, 4),
(84, 35, 'Paraply', 1, 1),
(85, 35, 'Skrivbok', 0, 2),
(86, 35, 'Väska', 0, 3),
(87, 35, 'Jacka', 0, 4),
(88, 36, 'Extra paraply', 1, 1),
(89, 36, 'Regnjacka', 0, 2),
(90, 36, 'Skrivbok', 0, 3),
(91, 36, 'Väska', 0, 4),
(92, 37, 'Glad', 1, 1),
(93, 37, 'Arg', 0, 2),
(94, 37, 'Trött', 0, 3),
(95, 37, 'Rädd', 0, 4),
(96, 38, 'Hela vägen till skolan', 1, 1),
(97, 38, 'Bara hemma', 0, 2),
(98, 38, 'Bara i klassrummet', 0, 3),
(99, 38, 'Bara i handen hemma', 0, 4),
(100, 40, 'Djurvännen', 1, 1),
(101, 40, 'Skalis', 0, 2),
(102, 40, 'Djurgården', 0, 3),
(103, 40, 'Akvarium', 0, 4),
(104, 41, 'Fisk', 0, 1),
(105, 41, 'Sköldpadda', 1, 2),
(106, 41, 'Kanin', 0, 3),
(107, 41, 'Marsvin', 0, 4),
(108, 42, 'Bur', 0, 1),
(109, 42, 'Akvarium', 1, 2),
(110, 42, 'Kartong', 0, 3),
(111, 42, 'Glasburk', 0, 4),
(112, 43, 'Värmelampa', 1, 1),
(113, 43, 'Djurlampa', 0, 2),
(114, 43, 'Burlampa', 0, 3),
(115, 43, 'Taklampa', 0, 4),
(116, 44, 'Saras pappa', 0, 1),
(117, 44, 'Säljaren', 1, 2),
(118, 44, 'En lärare', 0, 3),
(119, 44, 'En kompis', 0, 4),
(120, 45, 'Anteckningsbok', 1, 1),
(121, 45, 'Skolbok', 0, 2),
(122, 45, 'Dator', 0, 3),
(123, 45, 'Kalender', 0, 4),
(124, 46, 'Stenar', 0, 1),
(125, 46, 'Vatten', 0, 2),
(126, 46, 'Sand', 1, 3),
(127, 46, 'Gräs', 0, 4),
(128, 47, 'Grotta', 1, 1),
(129, 47, 'Bro', 0, 2),
(130, 47, 'Skål', 0, 3),
(131, 47, 'Kudde', 0, 4),
(132, 48, 'Gav henne värme', 0, 1),
(133, 48, 'Kom nära', 1, 2),
(134, 48, 'Släckte lampan', 0, 3),
(135, 48, 'Hällde i vatten', 0, 4),
(136, 49, 'Bli sömnig', 0, 1),
(137, 49, 'Göra sig illa', 0, 2),
(138, 49, 'Trivas', 1, 3),
(139, 49, 'Bli rädd', 0, 4);

-- --------------------------------------------------------

--
-- Table structure for table `users`
--

CREATE TABLE `users` (
  `id` int(11) NOT NULL,
  `name` varchar(100) NOT NULL,
  `email` varchar(150) NOT NULL,
  `password_hash` varchar(255) NOT NULL,
  `points` int(11) DEFAULT 0,
  `level` int(11) DEFAULT 1,
  `created_at` timestamp NOT NULL DEFAULT current_timestamp()
) ENGINE=InnoDB DEFAULT CHARSET=utf8mb4 COLLATE=utf8mb4_general_ci;

--
-- Dumping data for table `users`
--

INSERT INTO `users` (`id`, `name`, `email`, `password_hash`, `points`, `level`, `created_at`) VALUES
(1, 'Muhammed', 'exempel@gmail.com', '$2y$10$yGsjL06uVoe097KpSKaEVu.NNIhTMeNxDsbTzQh.TKP7qLHZghllS', 4530, 1111, '2025-11-21 20:55:53');

-- --------------------------------------------------------

--
-- Table structure for table `user_badges`
--

CREATE TABLE `user_badges` (
  `user_id` int(11) NOT NULL,
  `badge_id` int(11) NOT NULL,
  `awarded_at` timestamp NOT NULL DEFAULT current_timestamp()
) ENGINE=InnoDB DEFAULT CHARSET=utf8mb4 COLLATE=utf8mb4_general_ci;

-- --------------------------------------------------------

--
-- Table structure for table `user_points`
--

CREATE TABLE `user_points` (
  `id` int(11) NOT NULL,
  `user_id` int(11) NOT NULL,
  `source` enum('exercise','badge','admin') NOT NULL,
  `amount` int(11) NOT NULL,
  `reference_id` int(11) DEFAULT NULL,
  `created_at` timestamp NOT NULL DEFAULT current_timestamp()
) ENGINE=InnoDB DEFAULT CHARSET=utf8mb4 COLLATE=utf8mb4_unicode_ci;

--
-- Dumping data for table `user_points`
--

INSERT INTO `user_points` (`id`, `user_id`, `source`, `amount`, `reference_id`, `created_at`) VALUES
(1, 1, 'exercise', 0, 1, '2025-11-28 13:20:49'),
(2, 1, 'exercise', 0, 1, '2025-11-28 13:20:59'),
(3, 1, 'exercise', 10, 1, '2025-11-28 13:21:17'),
(4, 1, 'exercise', 10, 1, '2025-11-28 13:22:48'),
(5, 1, 'exercise', 0, 1, '2025-11-28 13:22:55'),
(6, 1, 'exercise', 0, 1, '2025-11-28 13:22:59'),
(7, 1, 'exercise', 30, 1, '2025-11-28 13:28:42'),
(8, 1, 'exercise', 30, 1, '2025-11-28 13:28:56'),
(9, 1, 'exercise', 30, 1, '2025-11-28 13:39:39'),
(10, 1, 'exercise', 30, 1, '2025-11-28 13:41:27'),
(11, 1, 'exercise', 30, 1, '2025-11-28 13:44:08'),
(12, 1, 'exercise', 30, 1, '2025-11-28 13:48:58'),
(13, 1, 'exercise', 10, 1, '2025-11-28 13:49:11'),
(14, 1, 'exercise', 10, 1, '2025-11-28 13:52:25'),
(15, 1, 'exercise', 20, 1, '2025-11-28 13:53:47'),
(16, 1, 'exercise', 30, 1, '2025-11-28 13:54:14'),
(17, 1, 'exercise', 20, 1, '2025-11-28 13:58:48');

--
-- Indexes for dumped tables
--

--
-- Indexes for table `attempts`
--
ALTER TABLE `attempts`
  ADD PRIMARY KEY (`id`),
  ADD KEY `user_id` (`user_id`);

--
-- Indexes for table `attempt_answers`
--
ALTER TABLE `attempt_answers`
  ADD PRIMARY KEY (`id`),
  ADD KEY `attempt_id` (`attempt_id`),
  ADD KEY `question_id` (`question_id`);

--
-- Indexes for table `attempt_sessions`
--
ALTER TABLE `attempt_sessions`
  ADD PRIMARY KEY (`id`),
  ADD KEY `user_id` (`user_id`),
  ADD KEY `exercise_id` (`exercise_id`);

--
-- Indexes for table `badges`
--
ALTER TABLE `badges`
  ADD PRIMARY KEY (`id`),
  ADD UNIQUE KEY `key_name` (`key_name`);

--
-- Indexes for table `blanks`
--
ALTER TABLE `blanks`
  ADD PRIMARY KEY (`id`),
  ADD KEY `question_id` (`question_id`);

--
-- Indexes for table `choices`
--
ALTER TABLE `choices`
  ADD PRIMARY KEY (`id`),
  ADD KEY `question_id` (`question_id`);

--
-- Indexes for table `exercises`
--
ALTER TABLE `exercises`
  ADD PRIMARY KEY (`id`);

--
-- Indexes for table `exercise_passages`
--
ALTER TABLE `exercise_passages`
  ADD PRIMARY KEY (`id`),
  ADD KEY `exercise_id` (`exercise_id`);

--
-- Indexes for table `matching_pairs`
--
ALTER TABLE `matching_pairs`
  ADD PRIMARY KEY (`id`),
  ADD KEY `question_id` (`question_id`);

--
-- Indexes for table `ordering_items`
--
ALTER TABLE `ordering_items`
  ADD PRIMARY KEY (`id`),
  ADD KEY `question_id` (`question_id`);

--
-- Indexes for table `questions`
--
ALTER TABLE `questions`
  ADD PRIMARY KEY (`id`),
  ADD KEY `exercise_id` (`exercise_id`);

--
-- Indexes for table `question_choices`
--
ALTER TABLE `question_choices`
  ADD PRIMARY KEY (`id`),
  ADD KEY `question_id` (`question_id`);

--
-- Indexes for table `users`
--
ALTER TABLE `users`
  ADD PRIMARY KEY (`id`),
  ADD UNIQUE KEY `email` (`email`);

--
-- Indexes for table `user_badges`
--
ALTER TABLE `user_badges`
  ADD PRIMARY KEY (`user_id`,`badge_id`),
  ADD KEY `badge_id` (`badge_id`);

--
-- Indexes for table `user_points`
--
ALTER TABLE `user_points`
  ADD PRIMARY KEY (`id`),
  ADD KEY `user_id` (`user_id`);

--
-- AUTO_INCREMENT for dumped tables
--

--
-- AUTO_INCREMENT for table `attempts`
--
ALTER TABLE `attempts`
  MODIFY `id` int(11) NOT NULL AUTO_INCREMENT, AUTO_INCREMENT=13;

--
-- AUTO_INCREMENT for table `attempt_answers`
--
ALTER TABLE `attempt_answers`
  MODIFY `id` int(11) NOT NULL AUTO_INCREMENT, AUTO_INCREMENT=424;

--
-- AUTO_INCREMENT for table `attempt_sessions`
--
ALTER TABLE `attempt_sessions`
  MODIFY `id` int(11) NOT NULL AUTO_INCREMENT, AUTO_INCREMENT=222;

--
-- AUTO_INCREMENT for table `badges`
--
ALTER TABLE `badges`
  MODIFY `id` int(11) NOT NULL AUTO_INCREMENT, AUTO_INCREMENT=2;

--
-- AUTO_INCREMENT for table `blanks`
--
ALTER TABLE `blanks`
  MODIFY `id` int(11) NOT NULL AUTO_INCREMENT, AUTO_INCREMENT=200;

--
-- AUTO_INCREMENT for table `choices`
--
ALTER TABLE `choices`
  MODIFY `id` int(11) NOT NULL AUTO_INCREMENT, AUTO_INCREMENT=118;

--
-- AUTO_INCREMENT for table `exercises`
--
ALTER TABLE `exercises`
  MODIFY `id` int(11) NOT NULL AUTO_INCREMENT, AUTO_INCREMENT=11;

--
-- AUTO_INCREMENT for table `exercise_passages`
--
ALTER TABLE `exercise_passages`
  MODIFY `id` int(11) NOT NULL AUTO_INCREMENT, AUTO_INCREMENT=11;

--
-- AUTO_INCREMENT for table `matching_pairs`
--
ALTER TABLE `matching_pairs`
  MODIFY `id` int(11) NOT NULL AUTO_INCREMENT, AUTO_INCREMENT=200;

--
-- AUTO_INCREMENT for table `ordering_items`
--
ALTER TABLE `ordering_items`
  MODIFY `id` int(11) NOT NULL AUTO_INCREMENT, AUTO_INCREMENT=200;

--
-- AUTO_INCREMENT for table `questions`
--
ALTER TABLE `questions`
  MODIFY `id` int(11) NOT NULL AUTO_INCREMENT, AUTO_INCREMENT=50;

--
-- AUTO_INCREMENT for table `question_choices`
--
ALTER TABLE `question_choices`
  MODIFY `id` int(11) NOT NULL AUTO_INCREMENT, AUTO_INCREMENT=200;

--
-- AUTO_INCREMENT for table `users`
--
ALTER TABLE `users`
  MODIFY `id` int(11) NOT NULL AUTO_INCREMENT, AUTO_INCREMENT=2;

--
-- AUTO_INCREMENT for table `user_points`
--
ALTER TABLE `user_points`
  MODIFY `id` int(11) NOT NULL AUTO_INCREMENT, AUTO_INCREMENT=18;

--
-- Constraints for dumped tables
--

--
-- Constraints for table `attempts`
--
ALTER TABLE `attempts`
  ADD CONSTRAINT `attempts_ibfk_1` FOREIGN KEY (`user_id`) REFERENCES `users` (`id`) ON DELETE CASCADE;

--
-- Constraints for table `attempt_answers`
--
ALTER TABLE `attempt_answers`
  ADD CONSTRAINT `attempt_answers_ibfk_1` FOREIGN KEY (`attempt_id`) REFERENCES `attempt_sessions` (`id`) ON DELETE CASCADE,
  ADD CONSTRAINT `attempt_answers_ibfk_2` FOREIGN KEY (`question_id`) REFERENCES `questions` (`id`) ON DELETE CASCADE;

--
-- Constraints for table `attempt_sessions`
--
ALTER TABLE `attempt_sessions`
  ADD CONSTRAINT `attempt_sessions_ibfk_1` FOREIGN KEY (`user_id`) REFERENCES `users` (`id`) ON DELETE CASCADE,
  ADD CONSTRAINT `attempt_sessions_ibfk_2` FOREIGN KEY (`exercise_id`) REFERENCES `exercises` (`id`) ON DELETE CASCADE;

--
-- Constraints for table `blanks`
--
ALTER TABLE `blanks`
  ADD CONSTRAINT `blanks_ibfk_1` FOREIGN KEY (`question_id`) REFERENCES `questions` (`id`) ON DELETE CASCADE;

--
-- Constraints for table `choices`
--
ALTER TABLE `choices`
  ADD CONSTRAINT `choices_ibfk_1` FOREIGN KEY (`question_id`) REFERENCES `questions` (`id`) ON DELETE CASCADE;

--
-- Constraints for table `exercise_passages`
--
ALTER TABLE `exercise_passages`
  ADD CONSTRAINT `exercise_passages_ibfk_1` FOREIGN KEY (`exercise_id`) REFERENCES `exercises` (`id`) ON DELETE CASCADE;

--
-- Constraints for table `matching_pairs`
--
ALTER TABLE `matching_pairs`
  ADD CONSTRAINT `matching_pairs_ibfk_1` FOREIGN KEY (`question_id`) REFERENCES `questions` (`id`) ON DELETE CASCADE;

--
-- Constraints for table `ordering_items`
--
ALTER TABLE `ordering_items`
  ADD CONSTRAINT `ordering_items_ibfk_1` FOREIGN KEY (`question_id`) REFERENCES `questions` (`id`) ON DELETE CASCADE;

--
-- Constraints for table `questions`
--
ALTER TABLE `questions`
  ADD CONSTRAINT `questions_ibfk_1` FOREIGN KEY (`exercise_id`) REFERENCES `exercises` (`id`) ON DELETE CASCADE;

--
-- Constraints for table `question_choices`
--
ALTER TABLE `question_choices`
  ADD CONSTRAINT `question_choices_ibfk_1` FOREIGN KEY (`question_id`) REFERENCES `questions` (`id`) ON DELETE CASCADE;

--
-- Constraints for table `user_badges`
--
ALTER TABLE `user_badges`
  ADD CONSTRAINT `user_badges_ibfk_1` FOREIGN KEY (`user_id`) REFERENCES `users` (`id`) ON DELETE CASCADE,
  ADD CONSTRAINT `user_badges_ibfk_2` FOREIGN KEY (`badge_id`) REFERENCES `badges` (`id`) ON DELETE CASCADE;

--
-- Constraints for table `user_points`
--
ALTER TABLE `user_points`
  ADD CONSTRAINT `user_points_ibfk_1` FOREIGN KEY (`user_id`) REFERENCES `users` (`id`) ON DELETE CASCADE;
COMMIT;

/*!40101 SET CHARACTER_SET_CLIENT=@OLD_CHARACTER_SET_CLIENT */;
/*!40101 SET CHARACTER_SET_RESULTS=@OLD_CHARACTER_SET_RESULTS */;
/*!40101 SET COLLATION_CONNECTION=@OLD_COLLATION_CONNECTION */;
